Constructeur;Modele;Year;immatriculation
Porsche;911;2000;JN8AF5MR7CT150316
Nissan;Xterra;2010;WAUDGBFL5CA596678
Subaru;Legacy;1999;WAUAT48HX3K190554
Ford;F450;2012;1D4PT4GX2BW995674
Bentley;Arnage;2009;JN8AS5MT6BW925340
BMW;530;2007;WDDJK7DA8DF631873
Chrysler;Grand Voyager;2000;5N1BA0ND2FN479787
Volvo;S80;2012;3GYFK12259G817332
Buick;LeSabre;1992;1G6DK1E37D0869806
Volkswagen;rio;1997;3GYFNBEY1AS754518
Pontiac;Bonneville;1985;SCFAD02A37G991406
Ford;Escort;1985;WBABD53466P579386
Isuzu;Rodeo;1997;1FTSW2B58AE500260
Chevrolet;Aveo;2011;1N6AA0EC9FN236109
Mazda;Mazda6;2010;3D73Y3CL1BG058619
Dodge;Grand Caravan;2008;4T1BF1FK4FU216856
Plymouth;Colt;1992;JN8AF5MR6CT374869
Toyota;Sienna;2008;WBAWR33589P206760
Mercury;Mariner;2010;SCBBB7ZH1BC655535
Mercedes-Benz;SL-Class;2008;5UXZW0C53BL002693
Mazda;Protege;1998;5UXKS4C58E0649553
Dodge;Ram Van 3500;1998;5TDBW5G19BS406815
Volkswagen;GTI;2005;SCBBP9ZA4CC487083
Audi;A8;1997;WAURVAFA6AN926189
Ford;Crown Victoria;2008;3C3CFFER1FT133176
Saab;09-mars;2011;1FMJU1K51AE888763
Ford;Econoline E350;1999;1C6RD6FK4CS992733
Honda;Accord;2010;WAUAT48H63K776491
Mazda;MX-5;1999;1G6DU6EA2A0565137
Suzuki;XL7;2009;KL4CJASB1FB188548
Oldsmobile;Aurora;2002;JH4DC53875S452478
Kia;Soul;2012;4A31K2DF9BE429147
Pontiac;GTO;2004;3N1CN7AP4EK879427
Toyota;Sienna;2003;1G6DS57V180848395
Chevrolet;Cruze;2012;JH4KB16587C799982
Lotus;Evora;2010;WDDHF0EB5EA836759
Dodge;Dakota Club;2007;1C3CDZEGXCN902579
Buick;Electra;1986;1G6DM8ED7B0136583
Chevrolet;Express 3500;2007;WP0AA2A80CU072203
Saturn;L-Series;2002;1C6RD6MT7CS038781
Plymouth;Prowler;2000;1G4HR54K33U456407
Infiniti;I;1998;5YMGZ0C54E0763438
Lotus;Elise;2005;JM1CW2BL5C0224352
Bentley;Continental Super;2010;1GYFK26289R443959
Mazda;MX-6;1992;5GAKVCED3CJ304012
Suzuki;SJ;1994;4A31K2DF9CE600898
Buick;Park Avenue;2003;WAUSF78E27A168093
Mercury;Mystique;1995;1D7CW2BK3AS326201
Mazda;MX-6;1988;5N1AR2MM7FC199506
Mazda;Miata MX-5;2002;1GT01XEG6FZ229895
Ford;E250;2009;5FRYD3H21FB016165
Mercedes-Benz;C-Class;2003;YV1902AH1D1827619
Mercury;Cougar;1987;1FTEW1E85AF163974
Cadillac;Escalade;2000;1FTEX1EW3AK009511
Mercedes-Benz;CL-Class;2000;1N6AF0LX0EN844896
Pontiac;Vibe;2004;1G4PP5SK2E4546154
Toyota;Sienna;2005;WBALW3C59EC706021
Mazda;MPV;1995;3D73Y4CL0BG297259
Maserati;GranTurismo;2012;1C4SDHCT3DC499592
Honda;Fit;2012;3D7JB1EK6AG103800
Porsche;928;1986;WBADX1C53DJ134220
Chevrolet;1500;1996;WAUFFBFL3AN537324
Saab;09-mars;2012;1GD12ZCG3CF868468
Aston Martin;DB9 Volante;2006;WBABN33423J999517
Mercedes-Benz;R-Class;2007;WBABS33432P745772
Pontiac;Firebird;1995;WAUHF98P46A098926
Infiniti;G35;2004;1FTSX2B59AE944471
Kia;Spectra;2009;3G5DB03E33S529031
Saab;09-mars;2001;WAULC68E63A319311
Maserati;Quattroporte;2011;WBAWC73568E586409
Volkswagen;Type 2;1985;WA1VMAFEXFD707122
GMC;Sierra 1500;2000;JTDKDTB39C1401311
Cadillac;CTS;2005;4T3BA3BB3CU947118
Lexus;LS;1999;2HNYD28857H993167
Chevrolet;Silverado 1500;2012;1GKS1AE0XCR112426
Kia;Rondo;2008;1N4AL2AP7BC940418
Mercedes-Benz;CLS-Class;2006;WAUJFAFH1DN238404
Isuzu;Amigo;1994;1FADP5AU4DL014716
Ferrari;F430;2006;WBA3B1C54F5195548
Saab;09-mai;2005;WP0AA2A8XEK411788
Chevrolet;Blazer;1999;1G6DC5EG8A0838390
Volkswagen;GLI;2008;5J8TB3H78GL537395
Dodge;Ram 2500 Club;1999;3FA6P0PU6ER827500
Dodge;Ram 1500;1999;SCFFDCBD5BG384286
Austin;Mini Cooper;1961;1N4AA5AP5DC805531
Dodge;Ram 2500 Club;1999;1G6DL1E30C0517260
Mazda;B-Series Plus;1997;W04GY5GV1B1892823
Nissan;Maxima;2000;3D7JB1EK5AG115081
Mercedes-Benz;SLS AMG;2011;5N1AA0NCXEN025322
Porsche;911;1994;SALVP2BG5FH134772
Jeep;Wrangler;1998;JN1CV6FEXAM681009
Isuzu;i-290;2008;WAULC58E94A530420
Ford;Expedition EL;2010;WAUGN94F79N606864
Infiniti;M;1992;WVGEG9BP9DD200370
Lotus;Elise;2010;KMHTC6AD9FU915144
GMC;Savana 3500;1997;2HNYD18604H605475
Ford;F-Series;2003;WAUKFBFL6EA077152
Pontiac;Sunfire;1998;KL4CJGSB3FB499367
Chrysler;PT Cruiser;2003;1G6KF57974U636117
Chevrolet;Caprice;1996;19XFB2F27CE173051
Pontiac;Trans Sport;1994;1FTKR1AD1AP716630
Mazda;B-Series;1986;WAULFAFH0EN194714
Saab;09-mai;2005;JN1AZ4EH7DM940023
Ford;Escape;2012;1N6AD0CWXEN564948
Volkswagen;Jetta;2004;WAUFEAFM8CA944295
Ford;F-Series;1993;1D7RW2BK7BS708694
Infiniti;QX56;2012;5N1AT2MK5FC136758
Cadillac;DTS;2009;1C3ADEAZ4DV561561
Mercedes-Benz;S-Class;2001;WAUVT68E45A936640
Chrysler;Town & Country;2011;1G6KD57906U566341
Infiniti;M;1992;5N1BA0NE9FN473350
Chevrolet;Silverado 2500;2009;WDDJK6FA9FF514409
Subaru;Legacy;1989;1FTMF1E83AK488898
Audi;S6;2010;WBAWC7C53AP272257
Oldsmobile;98;1994;WBANA73525B326278
Ford;Bronco;1986;WBAKF3C50DJ536699
Ford;Tempo;1986;JHMZE2H70ES661138
BMW;6 Series;2007;5N1AN0NW3FN625244
Audi;R8;2009;SALSF2D47AA237153
Mitsubishi;RVR;1995;WBAEN33454P493160
Cadillac;DeVille;2001;KMHHT6KD8BU432937
Infiniti;JX;2013;1FMCU0F72FU256902
Chevrolet;Suburban 2500;1996;WBAUP9C58DV144507
Toyota;4Runner;2012;WAULC68E44A597917
Ford;F150;2004;WBAVD535X7A702343
Pontiac;Firebird;1993;1G6AB5SX7D0767391
Audi;S4;2011;5N1AZ2MG8FN287561
Dodge;Ram 2500;1999;19UUA66268A787733
Ford;Escort;1999;19UUA8F75CA580251
Buick;Century;1996;JN8AF5MR0BT615341
Ford;F250;1993;KNALN4D7XE5500297
Chevrolet;Aveo;2006;1FTNF2A59AE965354
Chevrolet;Aveo;2008;JTHBE1D24E5408408
Saturn;S-Series;2000;1D7CW3GK2AS217274
Ford;F250;2009;JN1CV6FE3BM368871
Toyota;Highlander;2007;WAUJT68E44A025317
Buick;Terraza;2005;1D7RB1CTXBS063892
Dodge;Journey;2011;WVGAV7AX4AW217622
Toyota;Tacoma;2010;2T1BURHE2FC436820
Dodge;Caravan;2000;WAUKH78E56A239392
Lexus;IS;2007;WAUGFBFC3DN906966
GMC;Acadia;2008;WAUGN74F07N701090
Mazda;323;1994;2C3CDYBT4DH144647
Oldsmobile;Achieva;1995;5UXWX5C59BL674030
Dodge;Durango;2011;JH4DC44611S728400
Jeep;Wrangler;2011;WDDGF4HB8DG199781
Toyota;Tacoma;2011;1G6DW67V690557399
Honda;Accord;1983;SAJWA6FC7E8571930
Mazda;Protege;1998;3GYT4MEF4CG202971
Audi;4000s;1986;3D73Y3HL2AG774274
Isuzu;Rodeo;2003;5UXWZ7C50F0771761
Chevrolet;Blazer;1992;JN1AZ4EH5DM424811
GMC;Envoy XL;2002;WAUSG94FX9N395549
Toyota;Echo;2002;3N1BC1AP7AL506191
Chevrolet;Metro;2001;WBAUU3C53AA249898
Aston Martin;DBS;2009;1GD322CG4EF168204
Mercedes-Benz;SL-Class;2006;5NPEB4ACXDH253092
Mercedes-Benz;G-Class;2003;1D7RW3GK6AS099790
Ford;F250;2009;WBAKF9C52DE067126
Lincoln;Navigator;2008;SALAB2V63EA205331
Nissan;Maxima;2011;4T1BK1EB2FU181750
Chevrolet;Sportvan G30;1996;1GD021EG7FZ934159
MINI;Clubman;2011;WAUKD98P89A518459
Kia;Rondo;2009;WAUKF98E18A360117
Mercury;Sable;1991;1G6AE5S36F0089479
Lexus;LS;2003;JN8AZ2KR4BT306951
Saab;09-mars;2000;1G6DA67V490760645
Subaru;Forester;2000;3VW8S7AT7FM993014
Suzuki;XL-7;2006;2B3CM5CT2BH834615
Acura;ZDX;2011;JH4CL95974C574033
Dodge;Stratus;2004;WAU3VAFR0AA750159
Volvo;V70;2004;JN1CV6AP5DM106975
Buick;Lucerne;2008;SCBBP9ZA3DC243961
Maserati;Quattroporte;2005;WAULFAFR8BA770268
Ford;Windstar;2003;WP1AA2A20CL109084
GMC;Sierra 1500;2013;3VW467AT2DM945159
Volvo;V50;2010;1D7RW3GK7BS297389
Chevrolet;Corvette;1955;VNKJTUD3XFA549965
Maserati;Quattroporte;1984;1G6KF549X3U124368
Oldsmobile;Achieva;1993;SCFFDABE0CG086629
Dodge;Ram Van 1500;2001;KNADH5A36A6002427
Suzuki;Sidekick;1990;1C4RDHAG2DC576750
Chrysler;300;2011;WP0AA2A92CS672287
Mitsubishi;Mirage;1984;1GYS4BEF6DR397456
Honda;Insight;2011;5N1AT2ML4FC558903
Volvo;C70;2011;5J8TB3H36GL645236
Pontiac;Grand Prix;2005;WAUMGAFL5CA934560
Ford;Aerostar;1988;1N6BF0KM5FN713234
Mercedes-Benz;C-Class;1999;WBABD334X6P398943
Ford;F450;2010;1G6AD5S37E0731211
Mercury;Villager;1999;19XFB4F2XDE877113
Buick;Verano;2012;JTHFF2C28E2808169
Hyundai;XG350;2002;JTDKN3DPXD3197511
Chrysler;Concorde;2000;WAUJT68EX3A033968
Nissan;Xterra;2002;JM1NC2JF5C0372286
GMC;1500;1995;2HNYD18903H915246
BMW;525;2003;3GYFNBEY6BS216995
Mercury;Marauder;2004;JN1AZ4EH4CM080726
Dodge;Ram Van 3500;1995;ZFBCFADH4EZ625850
Mitsubishi;Lancer Evolution;2011;5NPEB4AC4EH624121
Subaru;Forester;2008;1FTEW1CM4DK462397
GMC;2500;1998;1FBAX2CM0FK862823
Dodge;Charger;2006;WAUEH98E56A420923
Volkswagen;rio;1998;1D7RE3BKXAS554750
Subaru;Impreza;2005;1G4GL5E31DF539800
Buick;Hearse;1996;WBABD33455P867581
Dodge;Ram 50;1993;JM1BL1L32C1945896
Dodge;Intrepid;1997;WVWED7AJXDW385614
Chevrolet;Cavalier;1992;1GKS1AKC0FR884503
Oldsmobile;Silhouette;1998;1G6DP577X70546895
Hyundai;Tucson;2005;WBASN4C59CC729736
Ford;E250;1984;TRURD38J591340252
Mercedes-Benz;C-Class;1998;JN1AZ4EH1AM116028
Plymouth;Grand Voyager;1998;5BZBF0AA8EN769936
Hummer;H3;2007;WBASN2C54DC995087
Mercedes-Benz;C-Class;2005;1G6AJ5SX4F0334472
Ford;Ranger;1996;19XFB4F24EE794326
Volvo;S70;2000;1G6AC5SX7E0532679
Nissan;Armada;2011;WA1YD64B45N562039
Mercedes-Benz;W201;1987;WAUEH98E98A651505
Land Rover;Range Rover;1994;WAUDG58E45A999442
Hyundai;Sonata;2010;KNDMG4C7XB6316468
GMC;Yukon;2007;WAUGVAFR9AA417315
Nissan;Quest;2007;WBA3A9G52CN278614
Nissan;Murano;2004;JTDKDTB36C1550405
Dodge;Stratus;2004;WAUJC58E45A687023
Dodge;Durango;2001;WAUVFAFH2BN249510
Cadillac;Escalade;2012;1GD12YEG4FF202960
Kia;Spectra;2000;WAUEH64B41N709979
Mercury;Cougar;1993;TRUWT28N421463601
Maserati;Gran Sport;2005;JH4DC53096S808036
Spyker;C8 Laviolette;2004;SCBLC47J97C764936
Cadillac;STS;2005;4T3BA3BB6FU948798
Mazda;RX-8;2011;5J8TB4H79GL157200
Dodge;Avenger;2000;1YVHZ8BHXB5909583
Dodge;Nitro;2008;WBAVL1C54DV476168
Chrysler;Concorde;2000;WAUKF78E88A459473
BMW;8 Series;1996;JN8BS1MW4DM662819
Pontiac;Bonneville;1998;WAUEFAFL1BA185536
Honda;S2000;2001;1J4PN2GK0AW384583
Mercury;Marauder;2004;1G6DV5EP9C0600478
Mitsubishi;Galant;1991;WVWAA7AH0BV747795
Pontiac;Trans Sport;1997;1VWAH7A37DC692483
Pontiac;Sunbird;1983;WBALW3C54EC155089
Mercury;Sable;2001;JTDKDTB36D1124666
Dodge;Ram Van 3500;1995;WAULFAFR8CA251108
Ford;Tempo;1988;WAUHF78P08A908544
Acura;CL;2003;TRUUT28N451400400
Cadillac;Escalade;2012;1C4RDHEGXFC455221
Mercury;Villager;1998;5LMJJ2J52EE873744
Volvo;V70;2008;5XXGM4A79DG099251
Toyota;T100 Xtra;1997;WBAVA33577K414268
Audi;RS4;2007;1D7RE2BK5BS956347
Toyota;Corolla;2007;5FRYD3H86FB210677
Mazda;B-Series;2000;1FAHP2DW2CG960575
Saab;900;1996;KNAGM4A78B5231432
Toyota;Solara;2000;1GT01ZCG7EF424094
Ford;LTD;1986;WDCGG5GB6CF898498
Lexus;LS;1997;JN1CV6EK4DM895957
BMW;5 Series;2005;1FTMF1CW0AK961772
Volvo;S60;2002;WAULD54B64N648863
Lotus;Esprit;1995;5TDBK3EH9AS275996
Jeep;Patriot;2010;3GYFNDEY8AS905706
Maserati;Biturbo;1984;WAUEH98E98A294763
Toyota;Echo;2003;3C63D3KL6CG240879
Jensen;Interceptor;1966;WP1AE2A21CL621506
Buick;Coachbuilder;1990;2LMDJ6JK2BB597767
Nissan;Maxima;1997;WBANV1C57AC816625
Volvo;V50;2009;JH4DB76661S721217
Ford;Econoline E150;1993;1N6AA0CC3DN847964
Jaguar;X-Type;2006;1G6AZ5SX0E0082954
Mazda;Mazda6;2011;1G6DH8E39E0810121
Maybach;62;2012;3C3CFFHH8ET126145
Ford;Freestar;2005;1G6DL5EY7B0739554
Land Rover;Discovery Series II;2000;2HNYD28578H060670
Volkswagen;GTI;2010;1N6AA0ED3FN635851
Mercedes-Benz;S-Class;1999;3D4PG4FB0BT495982
Honda;Civic;1991;1D4PU6GX3AW840932
Ford;Flex;2012;2C3CK3CV5AH411153
Nissan;Pathfinder;2000;WBS3U9C57FJ948078
Plymouth;Colt;1994;3N1CN7AP7EL673402
Ford;F450;2009;1FMEU6FE0AU297564
Chevrolet;Silverado 3500;2012;WAUXF98K19A444483
BMW;6 Series;2007;JH4KB2F65CC229222
Studebaker;Avanti;1961;1G6AZ5S36E0762032
Chevrolet;TrailBlazer;2003;1G6DP5E37C0930580
Mercedes-Benz;SLK-Class;2009;WAUSF78E07A694206
Toyota;Corolla;2006;1G4GE5G33FF527576
Toyota;Prius;2004;SCBBB7ZH3EC896341
GMC;Vandura 1500;1992;WAUJT68E14A500826
Studebaker;Avanti;1962;WBAPK7G51BN397112
Toyota;Xtra;1992;JH4CL96847C334321
Buick;Roadmaster;1996;JN8AZ2NC9C9676704
Dodge;Ram 2500;2010;4JGCB2FB8AA001206
Dodge;Avenger;1996;1FMJU1F56AE487140
Chevrolet;Tahoe;2012;JTDKDTB34E1757393
Porsche;911;2009;5J6TF2H51EL527665
MINI;MINI;2002;19UUA65635A178521
Chevrolet;Aveo;2004;WAUKF68E25A716178
Pontiac;Turbo Firefly;1988;SCFEBBBC9AG432728
Ford;F250;2010;5FRYD3H45GB442654
Ford;Econoline E150;2001;WBAPH7C51AA869822
Ford;E-Series;1994;1G4GB5ER1CF079348
Land Rover;Freelander;2009;JTDBT4K32A1979353
Land Rover;Defender;1995;1VWAS7A38FC727231
BMW;7 Series;2009;1GTPCTEX1AZ972264
Ford;Laser;1986;3C63DRLL9CG734803
Subaru;Leone;1987;2T1BURHE5FC193827
Buick;Lucerne;2006;WAUEFAFL0DN351556
Mercury;Capri;1992;JN8AF5MRXFT644450
Lexus;LX;1998;WAUEFBFL5DN791908
Chevrolet;Suburban 2500;2007;1GD01ZEG2BF691065
Subaru;Leone;1988;2G61U5S39D9022655
Mercedes-Benz;SLR McLaren;2008;WBA6B4C50FD736700
Chrysler;LHS;2000;2C3CDXGJ6EH933868
Mercury;Lynx;1984;JN8AS5MTXFW579685
Chevrolet;Cobalt;2008;WAULV94E58N991930
Toyota;Sequoia;2006;WBADS434X1G376633
GMC;2500 Club Coupe;1997;WDDEJ7EB8DA622146
Lexus;IS-F;2008;WA1VMAFE1DD604460
Mitsubishi;Mirage;1998;3N6CM0KN7DK401468
Infiniti;EX;2009;1G6DH8E51C0384312
Toyota;Venza;2012;JTDKN3DUXF0475303
Isuzu;Hombre Space;1997;KL4CJDSB4DB921058
Jeep;Patriot;2012;5N1AA0NC0EN293103
GMC;Sierra 3500;2008;5FRYD3H95GB256575
GMC;2500;1994;3C6TD5NT9CG568384
Aston Martin;DB9;2005;WA1WMAFE2ED381819
Ford;Econoline E350;1997;WAUDGAFL7BA941251
Chevrolet;Blazer;1999;5J6TF1H50EL014854
Pontiac;Trans Sport;1992;WVWED7AJ0DW465858
Pontiac;1000;1985;1C4PJLAB5EW351973
Mercedes-Benz;SL-Class;2006;WAU3GAFR0EA008442
Lexus;ES;2006;WA1YL54B35N487752
Nissan;Frontier;2010;3N6CM0KN7FK156402
Mercury;Mariner;2009;1N4AB7AP8DN843316
Nissan;Xterra;2005;1VWAS7A35FC100261
Mercury;Cougar;2001;WBADN53492G419938
Toyota;Camry Hybrid;2007;WA1VMAFE5AD018355
Buick;Park Avenue;2005;KNAFU6A26B5112743
Pontiac;Grand Prix;1975;1G6DP8EV8A0828771
Ford;F-Series;1990;5YMGZ0C51DL242576
Chevrolet;Corvette;1978;5UXFE43518L030112
GMC;Rally Wagon G3500;1995;5NPEB4AC9CH585877
Ford;Thunderbird;1983;TRUUT28N861136468
Isuzu;Rodeo Sport;2002;WP0AB2A92FS797100
GMC;Acadia;2010;WBA1F7C55FV207561
Volvo;V50;2005;SAJWA4EC9DM884019
Eagle;Vision;1995;1D7RW3GK3AS875485
Dodge;Ram Van 3500;1997;1HGCP2F35BA627099
Lincoln;Navigator L;2011;1N6AD0CU1CN826710
Acura;TL;1996;JN1AZ4EH4BM394679
Chevrolet;Tahoe;2006;KMHEC4A42FA356776
Lamborghini;Diablo;1999;3GYFNGE32DS584417
Kia;Mentor;1997;JM1BL1H33A1566329
Mercedes-Benz;W201;1984;1G6AX5S32F0439278
GMC;Savana 3500;1997;WAUKFBFL0AA243000
Land Rover;LR3;2005;JH4CU4F40CC555101
Plymouth;Volare;1976;WBAWV13538P800901
Infiniti;FX;2008;3C6LD5BT8CG851346
Mercury;Capri;1984;1C3CCBCG4EN264328
Porsche;Cayenne;2010;KNAFK4A6XE5414697
Mitsubishi;Eclipse;2006;WAUHFAFL2DN335243
Mercedes-Benz;SLK-Class;2000;JTEBU5JR3D5308453
Honda;CR-V;2004;KL4CJDSB4DB083498
Mitsubishi;Starion;1984;WA1VMAFP1FA632071
GMC;Savana 3500;1999;JTDKN3DU5B0486266
Porsche;928;1987;SALFR2BG8EH323560
Kia;Sorento;2006;SCBLE37G23C484424
Dodge;Sprinter;2006;JH4DC23181S455692
Dodge;Ram 2500;1997;1G6DD1E37E0774559
Dodge;Dakota;2010;WA1C8AFPXDA687112
Suzuki;SJ;1991;5N1AA0NC0AN163509
Saturn;VUE;2002;1FBNE3BLXBD491528
Lexus;ES;1995;3D7LP2ET5AG442363
Nissan;Cube;2010;2HNYD285X7H797098
Toyota;Venza;2011;4T1BF1FK5FU138197
Audi;RS 4;2008;JTHFE2C26F2985369
Dodge;Durango;1998;2FMGK5B89DB744735
Suzuki;Vitara;2002;WAUML64B24N997726
Chevrolet;Tahoe;2006;SCBFT7ZA8FC826353
Mitsubishi;Outlander;2011;WP0AB2A84CU524179
Dodge;Grand Caravan;2011;1GTG5AEA7F1607166
Pontiac;Fiero;1988;3C63DRKL3CG480300
Ford;Probe;1994;1G4GE5EDXBF167020
Chrysler;Crossfire;2006;WAUJC58E03A706874
Toyota;T100;1998;KMHHT6KD5AU950101
BMW;Z4 M;2006;TRUVD38J591310764
Pontiac;Sunbird;1985;5N1AT2ML4FC752878
Chevrolet;Malibu;2001;WAUEF48H28K772194
Morgan;Aero 8;2007;1GKS1FEJ4CR901712
Subaru;Impreza;1999;2T2BK1BA1DC062285
Lamborghini;Gallardo;2007;JM3TB2CA9F0507163
Chrysler;Concorde;1997;WBA3B9C50EJ643384
Honda;del Sol;1993;WVGAV7AX0FW286461
Mercedes-Benz;300TE;1993;WAULT68E84A407424
Maserati;Coupe;2005;2V4RW3DGXBR607147
Porsche;944;1985;JH4CU2F84EC155794
Mercedes-Benz;C-Class;2002;4T1BK1EB4FU768757
Hummer;H1;1998;2C3CDXDT5DH056052
BMW;X5;2012;WAUKH94F57N761895
Land Rover;Freelander;2001;5N1AR1NBXCC453986
Jeep;Cherokee;1997;2HNYD18723H966858
Mercedes-Benz;E-Class;2006;4T3BA3BB1EU312241
BMW;X6 M;2011;W04GR5EC3B1430519
Ram;2500;2012;5UXZV8C56CL252948
MINI;Countryman;2012;WUAUUAFG3F7892084
Nissan;Pathfinder;1998;1GYS3LKJ5FR522189
Mitsubishi;Outlander;2006;WBAYA8C57FG941917
Chevrolet;Camaro;1976;1G6DL1E30D0378541
BMW;X3;2006;KMHTC6AD4EU572354
Toyota;MR2;1995;3C3CFFAR1FT640424
Mitsubishi;Expo LRV;1996;WBANE53567B376161
Mitsubishi;Endeavor;2009;1HGCP2E42AA352736
Land Rover;Range Rover Sport;2009;WBXPC9C43AW262475
Toyota;Camry;2001;WBALX3C5XCC821091
BMW;5 Series;2008;WBA6B2C58FD780979
Volkswagen;Cabriolet;1987;WAUXU54B83N779602
Honda;Civic;2001;1GYS4UKJXFR781280
Mercedes-Benz;300SD;1992;5N1AR2MM0FC085797
Mazda;CX-5;2013;WA1VMBFE3BD342489
Pontiac;LeMans;1967;WBANE53556C891161
Mitsubishi;RVR;1993;KNAFX5A83F5751769
Mitsubishi;Galant;1988;WAUJC68EX2A053149
Cadillac;Seville;2003;1G6DS57V290509047
Ford;Expedition EL;2008;1G6DL67A090646858
GMC;Vandura G3500;1996;3D73Y4CL0BG200562
Toyota;Sequoia;2007;JN1AZ4EH0FM290924
Mercedes-Benz;SL-Class;1988;WA1LFBFP1CA962201
Toyota;TundraMax;2010;1G4GE5G36EF044968
Chevrolet;Suburban;2009;WAUVT58E84A366277
Hyundai;Tiburon;2008;1G6AE5SX0D0898945
Oldsmobile;Silhouette;1993;1FMJU1F58AE023007
Porsche;911;2011;SCFEBBAK3BG305824
Isuzu;Amigo;1999;WBAVB73557V500004
Suzuki;Grand Vitara;2002;KMHDB8AE4CU372146
Chevrolet;Blazer;1994;1G6DJ8EY6B0060916
Mitsubishi;GTO;1994;WBANV93579C221056
Chevrolet;Silverado 2500;2008;1D4RD2GG4BC530888
Buick;LeSabre;2001;5N1AR1NB0BC138032
Subaru;Baja;2006;2LMHJ5FK8FB300592
Ford;Taurus;2012;1FAHP2DW7BG291377
BMW;X5;2005;1FADP3E27FL441484
Mercury;Cougar;1993;5N1AZ2MG3FN265337
Jaguar;S-Type;2001;3VW517AT6EM459670
Mazda;MPV;1997;WBALZ3C5XCD941543
Audi;A4;2003;1GD312CG7DF724989
BMW;Z4;2010;WBAXH5C57CD577260
GMC;Envoy;2007;1N6AA0CCXCN870575
Buick;LaCrosse;2007;1G6DL8EY3B0960635
Mazda;Tribute;2004;YV1982BW1A1799273
Ford;Thunderbird;2006;WP1AE2A20DL050172
Ford;LTD Crown Victoria;1993;WAUXU54B62N409389
Toyota;Solara;2007;2G4G15GV1B9914465
Honda;Accord;2000;WAUKF98P89A929029
Hyundai;Tiburon;1997;JTHBE1KS8A0788461
Chevrolet;S10;1996;WBAVB13586P201333
Mazda;Miata MX-5;1992;JN1AV7AR7FM784001
Mazda;Protege;2002;3N1AB7AP0FY580547
Pontiac;6000;1986;2T1KU4EE0BC349385
Dodge;Ram 2500;2006;19VDE1F52FE945648
GMC;Acadia;2011;19UYA42431A028041
Volkswagen;Scirocco;1986;WAUKD98P66A225591
Cadillac;Escalade EXT;2011;SCFAB01A67G215536
Volkswagen;New Beetle;2007;1D4PT7GX0AW154517
Lexus;IS F;2010;5FRYD3H80FB511963
Land Rover;Discovery;1994;1G6AV5S81F0587133
Ford;Bronco II;1984;1N6AD0CW2FN305212
Maybach;57;2004;1G6AH5RXXF0451328
Ford;Escort;2001;WAUDFAFL2EN427520
Plymouth;Laser;1994;WAUDF78E56A341502
Ford;Probe;1991;WBA1J9C54FV380160
Chrysler;Sebring;2006;SCFFDAAM1DG516825
Mercedes-Benz;Sprinter 3500;2011;5UXFG2C52DL520213
Pontiac;6000;1987;1C6RD6JT8CS783012
Pontiac;GTO;2004;YV4902DZ4B2327761
Nissan;Sentra;2004;1GYUKHEF9AR803307
Volkswagen;Rabbit;2006;1FTWX3B51AE706525
Chevrolet;Corvette;2003;1GKS1GKC3FR042757
Chevrolet;Cruze;2012;1GYS3JEF1BR129943
Volvo;S60;2011;1FTSW2A56AE456986
Toyota;Prius;2009;WAUFGBFC5EN630087
GMC;2500 Club Coupe;1998;WAUGGAFC2DN583839
Dodge;Intrepid;2002;WDDEJ7GB5DA421186
Ford;Freestar;2003;3C6LD5AT3CG470022
Ford;Explorer Sport Trac;2000;SCFBF03B08G424612
Mitsubishi;Outlander;2007;2HNYD18883H062442
Jeep;Wrangler;2000;JN1AZ4EH0DM641103
Isuzu;Ascender;2007;3GTU2YEJXDG636907
Mitsubishi;Eclipse;2001;4T1BD1EB2FU974041
Ford;Escape;2012;1FTMF1E89AK393424
Ford;Festiva;1988;WP0CA2A86DK172442
BMW;3 Series;1997;5GAKRAEDXBJ731808
Hyundai;Scoupe;1994;WDDHF0EB9EA962865
Dodge;Grand Caravan;1998;1GYS4BEFXER248002
Pontiac;Firebird;1997;YV1672MK6D2166623
Nissan;GT-R;2012;1G6AJ5SX2F0528322
Toyota;RAV4;2011;WBAUN13579V624567
Maserati;Biturbo;1984;3GYFNEE31CS425777
Chevrolet;Corsica;1995;1N6AA0CH9FN882605
Dodge;Ram Van 2500;1996;WP0CA2A8XAU299985
BMW;7 Series;1997;JTEBU4BF6EK855590
Dodge;Stealth;1992;YV4902BZXB1929198
Volvo;V90;1997;JN8AZ2KR1ET920621
Volvo;850;1995;2G4GR5GX0E9098055
Volkswagen;GTI;1997;WAUKG78E15A892593
Mitsubishi;Lancer;2002;1FTWW3B53AE848846
Pontiac;Trans Sport;1998;ZFBCFAAH3EZ015538
Ford;Thunderbird;1980;WAULD54B62N758115
Mercedes-Benz;M-Class;2001;WBSBL93423J735086
Pontiac;Grand Prix;1977;3VW1K7AJ2EM387523
Ford;Escape;2010;WAUUL98E98A218986
Ford;Econoline E350;1999;WBAKA4C57CC613124
Chevrolet;Venture;2000;3LN6L2G96FR422540
Lotus;Esprit;1985;2C3CA5CGXBH115899
Mazda;Tribute;2001;WUATNAFG5CN950390
Chevrolet;Astro;1996;WA1KK78R99A829438
Saab;900;1990;2FMPK3J99FB704284
Pontiac;6000;1991;WAUVT58E45A338798
Suzuki;Samurai;1993;3VWKX7AJ8CM253845
Mercedes-Benz;E-Class;2011;WVGAV3AX9DW154935
Mazda;B-Series Plus;2001;WAUDF98E68A170287
Infiniti;QX;2000;1GT02ZCG8EF697462
Ford;F-Series;2001;WBA6A0C51ED150419
Mercury;Milan;2009;WDDJK7DA5FF403574
Audi;TT;2004;1D7RE3BKXBS964823
Hummer;H1;2000;3N1CN7AP1FL397428
GMC;Savana 1500;1996;WAUPEAFM9DA205202
Chevrolet;Express 2500;1998;4T1BF3EK8AU228644
Toyota;Tercel;1996;1GYS3GEF9BR556502
Volkswagen;Type 2;1987;1GYFK43589R570415
Mercedes-Benz;SL-Class;2004;1GYS4TKJ8FR705891
Infiniti;G;1994;3G5DB03E63S222260
Toyota;Land Cruiser;2009;JH4KA96643C772041
Buick;Roadmaster;1996;WAUFFAFL5FA795384
Oldsmobile;Bravada;1993;WAUXG74F89N392384
Ford;Econoline E150;1996;WAUGFAFRXAA552980
Pontiac;Bonneville;1995;WAUDH74F86N892248
Jeep;Commander;2006;WBA3A9C55EK775652
Infiniti;IPL G;2012;WVGAV3AXXEW251725
Toyota;Camry Hybrid;2009;3C63D3NL1CG639579
Chevrolet;Express 1500;1998;5N1AN0NW0EN913804
Ford;Explorer;2009;1C4RDHEG5DC451039
Mitsubishi;Mirage;2002;4T1BK3DB2AU628549
Nissan;Pathfinder;2006;WBAFR9C53BC012900
Subaru;Legacy;2010;WBAGJ03451D333473
Chrysler;Voyager;2001;5GAKRBED2CJ797843
Ford;F150;2008;3VW1K7AJ9DM320299
Nissan;GT-R;2012;WBAPK535X9A234695
Lincoln;Blackwood;2002;1GYEC63888R513029
Honda;Accord;1999;SAJWA4DCXFM468095
BMW;M3;2004;137FA84321E485338
Volkswagen;rio;1997;1B3CB7HB8AD517337
Ford;E150;2005;5UXFE8C56AL220419
Audi;TT;2010;5UXZV4C56CL050846
Ford;E250;1984;YV1960AS0A1256389
Ford;Taurus;2003;WAUGL98E47A812333
Subaru;Loyale;1992;KMHTC6AD5CU869274
Nissan;Altima;1999;WDDEJ7KB4DA118200
Hyundai;Santa Fe;2002;JN1CV6EK1FM563316
Daihatsu;Charade;1992;WAUKH94F57N938073
Suzuki;Grand Vitara;2008;WAULT58E22A013361
Volkswagen;Fox;1987;JTMHY7AJ0E4677304
Suzuki;Grand Vitara;2008;JTHFE2C20A2997607
Jeep;Liberty;2011;WAUHFAFL2AA904952
Ford;E-Series;1994;KL4CJDSB1EB638229
Lexus;LX;2002;WBAYP9C53FD183371
Oldsmobile;Intrigue;2002;JA4AD3A30FZ802825
Chevrolet;Malibu;2013;WAURFAFR8CA971941
Mitsubishi;Montero Sport;1998;1VWAH7A32CC698982
GMC;3500;1998;WBADN53462G532777
Dodge;Stealth;1993;WAUAH78E16A184600
Audi;A3;2011;5YMGZ0C52BL247847
Chrysler;Pacifica;2007;WA1WKBFP0BA247093
Nissan;Titan;2007;1G6KD54Y24U343212
Jeep;Liberty;2007;WBALW7C50DD724147
BMW;M5;2009;WAUVT58E52A514253
Cadillac;SRX;2012;JN1AV7AR9FM341445
Audi;S6;2010;1FMCU5K31AK253073
GMC;1500 Club Coupe;1999;4USBU53576L138430
Suzuki;Swift;1995;KMHCM3AC8AU400194
Volkswagen;Passat;2006;WBAAZ33433K790958
GMC;Rally Wagon G2500;1995;5YMGY0C56AL174015
Mazda;Familia;1990;WBSDX9C56DJ796223
Dodge;Neon;2000;TRUSC28NX21063234
Lincoln;Zephyr;2006;5N1AA0NC9EN905914
Volkswagen;New Beetle;2009;WAUDFAFC5CN721734
Saab;09-mai;2000;WBAHN83536D853033
BMW;3 Series;2010;1FTEW1CM4DK101686
Jeep;Grand Cherokee;2005;1HGCP2E39AA575914
Aston Martin;Vantage;2006;WAUDL94FX6N773322
Volkswagen;Touareg;2005;WAUSF98E96A775358
Chrysler;Town & Country;2006;JH4CU2E85DC220460
Ford;E-Series;2010;WBAYF8C57DD746397
Buick;Skylark;1996;1GYS3GEF9DR834804
Saab;09-mars;2000;KMHTC6AD1EU284386
Jaguar;X-Type;2004;WAUSH78E78A872544
Ford;F-Series;2007;WBAYF8C56ED812813
Volvo;C70;2006;TRUWT28N021039204
Mercury;Sable;2004;WDDGF4HB3DG718770
Porsche;928;1991;JN1EY1AP8EM512057
Porsche;911;1996;WAUDF78E58A102521
Land Rover;Freelander;2009;1G4HE57Y36U492792
Lotus;Exige;2011;WBAVA37577N677398
Chevrolet;Uplander;2006;WAULT68E15A850516
Volvo;S70;1999;1G6DJ5ED6B0827935
Ford;Excursion;2000;WA1VMAFE6BD480585
Ford;GT500;2007;1G6DK8ED4B0430383
Mitsubishi;i-MiEV;2012;TRUDD38J891268019
Saab;9-7X;2008;WBAKG7C57DE447788
Jeep;Wrangler;2010;WAUKF98E78A814550
Chrysler;Pacifica;2008;KNAFZ6A36F5545401
Toyota;Solara;2008;1GYEE637790346184
Bugatti;Veyron;2011;JN1CV6FE6BM867941
GMC;Savana 2500;2008;1G6DK5ED2B0467950
Dodge;D150 Club;1993;1G4GH5E34CF152139
Pontiac;Grand Prix;2005;WBAYF8C53ED737620
Buick;Coachbuilder;1992;1N6AA0CC5CN365589
Ford;Explorer Sport Trac;2004;KNAFT4A28A5258633
Toyota;Tacoma;2011;WDDEJ7GB2DA051167
Kia;Sorento;2003;WBABS53452J951951
Ford;Laser;1984;KNDJN2A26F7540616
Hummer;H1;1993;JN8AF5MR3FT084206
Mitsubishi;Tredia;1987;5N1AZ2MG3FN501145
Audi;S8;2008;WAUJT64B72N713328
Chevrolet;Express 1500;2012;1G6DV1EP9D0652560
Chevrolet;Express 2500;2006;SAJWA0F70F8830968
Volvo;XC90;2009;3MZBM1L7XEM068058
Ford;Excursion;2005;JN1BY1PR0FM889124
Lexus;IS F;2009;WBAKX6C58CC200624
Volkswagen;Rabbit;2007;WAUWGAFC8FN133756
Lamborghini;Countach;1987;2C3CDZBT1FH562382
Kia;Rio;2001;SALFP2BGXFH443366
Mercury;Sable;1988;SAJWA4HA7EM444313
Plymouth;Voyager;2000;1G4GD5GG0AF292665
Chevrolet;3500;1992;5N1AN0NW7DN008376
Mercury;Mountaineer;2002;WAUBVAFA2AN336427
Ford;Taurus;2012;KM8JT3AF0EU711919
Chevrolet;Corvette;1988;WAUEG78E66A751274
Cadillac;Fleetwood;1996;1GYS4AKJ2FR508414
GMC;Yukon;2007;1GTN1TEX8BZ690363
Mazda;Mazda2;2011;JA32U1FU7AU925025
Pontiac;Sunbird;1992;1YVHZ8BH6A5491232
GMC;Canyon;2011;3C63D3CL3CG374358
Acura;RL;2005;5NPEB4AC9DH708563
Dodge;D350;1992;WBAPK7G55BN183286
Mercedes-Benz;C-Class;2007;19UUA56701A654882
Lincoln;Navigator;2002;WBAUU33529A749210
Cadillac;Fleetwood;1993;2T1BU4EE6CC075823
Acura;RL;2009;WAUNF78P36A905184
Chevrolet;Express 2500;2001;WVWAA7AJ4BW120692
Pontiac;Grand Prix;1963;2G4GS5EV7D9873567
Mercedes-Benz;CLS-Class;2007;KNAFT4A20B5235669
Cadillac;Escalade EXT;2006;SCFAB42341K664256
Buick;Riviera;1990;1D7RB1CT8AS501713
Hyundai;Scoupe;1993;2T1BU4EE5DC083901
Toyota;Avalon;2006;WBAFR9C51DD422124
GMC;Yukon XL 1500;2004;2LMHJ5AR5BB262558
Pontiac;Firebird;1988;5XXGM4A74EG158112
Jaguar;XJ Series;1992;5UXWY3C51F0197974
Isuzu;Rodeo;2004;WBAEU33472P661719
Mazda;Miata MX-5;1997;WAUPL58E25A602111
Nissan;Sentra;2005;WAU2MAFC5FN344386
Mazda;CX-7;2009;WBABD53466P245567
Chrysler;Cirrus;1996;JH4CU2F60EC163762
Toyota;Corolla;1994;WA1WMAFE6AD735951
Pontiac;Trans Sport;1998;1N6AF0KX1FN915851
Mercedes-Benz;E-Class;1987;SAJWA2EKXEM583451
Pontiac;Tempest;1966;1D4RE3GG2BC523862
Nissan;Altima;2010;SCBFU7ZA7FC383822
Nissan;Maxima;1999;1G6DU6EV6A0626573
Saab;900;1985;WBAEW53423P561924
Honda;Odyssey;2000;3LN6L2G99FR191522
GMC;Sonoma;2002;WAUHFBFL8BN157454
Lexus;LX;2003;19UUA86249A543902
Mazda;GLC;1984;WBA1K5C52FV685050
Aston Martin;DB9;2006;1G6DM57T970693795
BMW;X5;2005;WBALM7C53EJ014717
Nissan;Xterra;2006;1FTEW1CF5FF639231
Nissan;200SX;1997;JTEBU5JR4B5793618
Infiniti;QX;2008;1N6AF0KX8EN058832
Toyota;MR2;1993;1GYS3CEFXCR161822
Dodge;Omni;1978;SCBBR93W29C805287
Jeep;Wrangler;1993;1GKKRNEDXCJ708248
Cadillac;Fleetwood;1992;5YMKT6C55F0038947
Volkswagen;Eurovan;2001;3D7TT2HT1BG643248
Honda;Odyssey;2002;19UUA8F3XDA210945
Buick;Terraza;2005;WBASN2C55BC047987
Buick;Lucerne;2010;WBAUP7C52CV870737
Nissan;Sentra;2003;WBAKB0C53CC031172
Pontiac;Firebird;1988;1N6AF0LX5FN810177
Fairthorpe;Rockette;1960;WA1CV94L99D594174
Ford;F-Series;1992;JTDKDTB35F1397701
Audi;5000S;1984;5N1AZ2MH5FN980631
Hyundai;Tucson;2007;3C6TD5HT8CG093919
Suzuki;SJ 410;1986;JHMZE2H32CS796468
Pontiac;Grand Prix;2004;1N4AB7AP0DN681018
Chrysler;Sebring;1999;WBAEU33402K264348
Pontiac;Grand Prix;1989;5NPDH4AE5CH414846
Toyota;RAV4;2000;WBABS53483E051703
Eagle;Summit;1996;WA1DVBFE7AD418934
Chevrolet;Suburban 2500;2012;3GTXKYEJ6AG549417
Ford;E150;2005;1FTMF1EW7AF527791
Subaru;Impreza;2002;1D7RV1CT0BS764030
Ford;Thunderbird;1987;1GYEE637570861701
Ford;Thunderbird;1993;SCBDC47L08C151157
Dodge;Caravan;2012;3VWC17AU4FM160664
GMC;Savana 1500;2004;1C3CDFBB2ED227567
Acura;RL;2010;ZHWGU5BR7EL630915
Acura;RDX;2012;WBADX7C57BE446324
Chevrolet;Colorado;2006;JHMZE2H74ES670960
Infiniti;G;2012;WA1TFAFL7EA436651
Chevrolet;Suburban 1500;1998;1B3CB3HA1BD776334
Maserati;430;1990;JHMGE8G39DC169662
Maybach;57;2003;WAUWG74F29N198896
Mitsubishi;Eclipse;1999;WBADT43433G381415
Chevrolet;Astro;2003;WA1AY94L69D685949
Audi;RS6;2003;1G6AS5S33F0833838
Lexus;IS;2008;W04GX5GV1B1653792
Chevrolet;Sportvan G30;1994;WVWAA7AJXCW363473
Jaguar;XJ Series;2004;3C4PDCBB3DT544746
Nissan;Pathfinder Armada;2004;WBAXH5C57CC574817
Dodge;Ram 3500;1996;1GD22ZCG5DZ440647
Land Rover;LR2;2012;1G6KF57905U266615
Mercedes-Benz;600SEC;1993;NM0AS8F70E1101295
Honda;Civic;2005;WAUEH64B21N269776
Lexus;LS;1995;WAUEH78E67A526738
GMC;1500 Club Coupe;1995;1FADP5AU2DL695491
Infiniti;Q;1992;2C4RDGEG0DR151314
BMW;7 Series;1994;1C4NJPBA1FD316994
Mercury;Monterey;2006;JN1CV6EK8FM915839
Kia;Soul;2010;WBA6B2C58DD086435
Audi;A3;2008;2HNYD28857H561887
Mercury;Cougar;1986;1GYFK53269R649805
Volkswagen;Scirocco;1987;WAULVBFR7CA465113
Plymouth;Prowler;1999;WP0CA2A84DK819405
Volkswagen;Cabriolet;1999;JM3KE2BEXE0670443
Mitsubishi;Montero Sport;1999;JN1CV6FE0CM010080
Ford;Focus;2001;1FT7W2A6XEE508284
Mitsubishi;Pajero;2001;3C4PDDDGXDT639464
Hyundai;Sonata;1992;5N1AN0NW5EN468654
Ferrari;599 GTB Fiorano;2009;2D4RN5D18AR298851
BMW;X5;2011;3GTU2YEJ2CG266924
Jaguar;XK Series;2002;WP0AA2A9XFS923321
Ford;Expedition;2001;5TDDCRFH6FS286694
Volvo;S40;2002;WBANB33514B758641
Bentley;Continental GTC;2010;WAUEFAFL7EA402091
Nissan;Frontier;2010;2G4WB52K521439424
Chevrolet;Colorado;2005;JH4KB16547C430262
Chevrolet;Camaro;2000;WBA3A9C53DF490200
Pontiac;Safari;1987;2C3CDXDT0DH799895
Volkswagen;Golf;2006;WAUFFAFL6FA745156
Toyota;Tundra;2008;WAUVT68E45A773309
Kia;Sportage;1995;WBASN2C51BC292561
Oldsmobile;Silhouette;2004;3C4PDCAB8FT792947
Nissan;Frontier;2001;WBA3N3C51EK740303
Nissan;Sentra;1999;WBAKE5C58CJ430952
Chrysler;Concorde;1994;WA1VMAFE1ED734207
Mitsubishi;Galant;2011;3VW507AT9EM871472
Ford;Bronco;1994;1G6DU6EVXA0971041
Chrysler;300M;1999;JTDKTUD33ED434327
Hummer;H3;2010;WA1YL64B24N227976
Lotus;Elise;2010;3VW4S7ATXEM802800
Toyota;Land Cruiser;1993;1G6DN57S640430471
Dodge;Viper RT/10;1995;JH4DC23931S298899
Mitsubishi;Eclipse;1998;JTDZN3EU6E3274718
Suzuki;XL-7;2002;NM0AE8F73F1857518
Toyota;T100;1993;1G6DP577070093547
Honda;Accord;1992;NM0AE8F79E1432416
Saturn;VUE;2006;1G6DK8EVXA0978752
Volvo;850;1997;2B3CJ7DWXAH596590
Chevrolet;Tahoe;2004;WDDHF2EB4CA687009
Subaru;Brat;1985;1HGCR6F35FA167241
Mazda;CX-9;2011;WAULT68E03A747715
Acura;Legend;1994;1FTNF1E83AK672663
Ford;Explorer Sport Trac;2004;JHMZF1C68FS165561
Ram;3500;2011;WAUTFAFH2CN722122
Saab;09-mars;2000;5FRYD3H68FB780338
Saab;09-mai;2011;2LMHJ5AT3EB980111
Lincoln;Continental;1984;JTDKDTB37D1510562
Dodge;Grand Caravan;2012;1G6DJ5E39D0394816
Ford;Thunderbird;1996;2T1KU4EE7DC482597
GMC;Vandura 3500;1993;5FRYD4H97GB221848
Lexus;IS-F;2009;1FTNS2EW5AD291191
Mercedes-Benz;CL-Class;2002;KM8JT3AF5EU743247
Mercury;Sable;1990;JM1DE1KY9E0901371
Chrysler;Voyager;2000;5UMBT93538L950662
Ford;Bronco;1995;WBA6B4C5XFD630500
Pontiac;Vibe;2009;SALSF2D42DA722420
Mercedes-Benz;SLK-Class;2002;TRUUT28NX21603304
Plymouth;Grand Voyager;1998;WAUAFAFLXFN447275
Dodge;Caravan;1998;1G6DM5ED7B0944852
BMW;3 Series;1996;1GKS1FEJ9CR309058
Saab;900;1985;WA1YL64B44N025320
Honda;Odyssey;2000;WAUEL94F56N479685
Chrysler;300;2005;1G6DJ5E35C0088548
Dodge;Viper;2001;3N1AB6AP6CL268350
Volkswagen;Eurovan;1995;WBAUU3C55AA971289
Kia;Mohave/Borrego;2009;1G6DK8E32C0801372
Acura;RDX;2012;WBAPK7C51BF806466
Ford;Bronco II;1988;WBSBL93441J123095
Jaguar;X-Type;2006;JH4DC53092C985724
Hyundai;Tiburon;2003;WBALL5C55CE120115
Chevrolet;Impala;1995;1G6D25EY6B0620946
Infiniti;J;1997;2LMHJ5ARXBB457779
Cadillac;Catera;1998;WAUMK98K39A243554
Acura;NSX;1998;2T1BURHE5FC969051
Nissan;Quest;2000;1FTWX3A5XAE058376
Porsche;Cayenne;2010;2G61N5S35D9317734