company,car,carmodel,caryear
Pfannerstill-Waelchi,Mercedes-Benz,500SEL,1993
"Moen, Hilpert and Bogan",Kia,Sorento,2012
Waelchi Inc,Ford,Focus,2005
Greenfelder-Waters,Volkswagen,New Beetle,2006
"Jacobson, Treutel and Schimmel",Volkswagen,Passat,1986
"Schoen, Grady and Bogan",Ford,Taurus,1993
Zemlak-Gislason,Volkswagen,Eurovan,1994
Harris-Olson,Audi,A4,2009
Bergstrom-Kutch,Chevrolet,Express 2500,2008
Stokes-Gibson,Pontiac,Sunbird,1988
Skiles-Schuster,Mitsubishi,Eclipse,2009
Stamm-Keeling,Audi,V8,1991
Davis-D'Amore,Hyundai,Elantra,2002
"Ullrich, Windler and Deckow",Subaru,Tribeca,2009
Osinski Group,Lexus,SC,2002
"Leannon, Ryan and Sipes",Honda,CR-V,2004
"Mayert, Hammes and Howe",Kia,Sorento,2003
Medhurst-Prohaska,Pontiac,Firebird Formula,1992
Swift and Sons,Chevrolet,Malibu,2002
Lesch-Stark,Mitsubishi,Mirage,1988
Tremblay-Heathcote,Hyundai,Entourage,2008
Stark Group,BMW,M3,2006
Streich-Thompson,Chevrolet,Equinox,2008
Goyette Group,Mitsubishi,Eclipse,2003
Corwin-Jones,Jaguar,X-Type,2007
Gutmann and Sons,Acura,RL,2012
Towne-Rath,Mercedes-Benz,SLK-Class,1999
Schuster-Marquardt,BMW,5 Series,1998
Kemmer LLC,Mercury,Grand Marquis,2007
Brakus-Auer,Nissan,Pathfinder,2011
Shanahan-Connelly,Acura,SLX,1998
Kilback Group,Aston Martin,Virage,2012
Miller Group,Mazda,Protege,1999
Beer LLC,Dodge,Grand Caravan,1994
"Dickinson, Runolfsson and Carter",Infiniti,M,2003
Green-O'Conner,Cadillac,Escalade ESV,2009
Muller LLC,Acura,MDX,2011
"Wyman, Cremin and Connelly",Chevrolet,Tahoe,2010
"Yost, Kihn and Denesik",Mercedes-Benz,W201,1985
Terry-Beer,MINI,Clubman,2010
Lemke-Mohr,Aston Martin,V8 Vantage,2008
Carter Inc,Audi,A4,1998
Mann LLC,Volkswagen,Golf,2002
Reichel LLC,Ford,GT500,2008
Hayes-MacGyver,Nissan,Murano,2006
Schinner LLC,Chevrolet,Suburban,2006
Lakin-Lindgren,Pontiac,Grand Am,2002
Skiles and Sons,Audi,Allroad,2004
"Olson, Kreiger and Larkin",Lincoln,Mark VII,1992
Parisian-Ebert,Jeep,Grand Cherokee,1999
Rempel LLC,Toyota,Sequoia,2001
D'Amore-Terry,Ford,Bronco II,1984
Casper Inc,Jeep,Wrangler,2010
Ferry-Mann,Audi,5000CS Quattro,1986
"Reichel, Wilkinson and Botsford",Oldsmobile,Achieva,1992
Jerde Group,Mitsubishi,Galant,2003
"Littel, Predovic and Crist",Ford,Explorer,1998
Schiller-Schneider,GMC,2500,1999
Lehner and Sons,Lincoln,LS,2004
Strosin-Blick,BMW,M6,2007
Wilkinson and Sons,Pontiac,Tempest,1961
Muller Group,Chrysler,PT Cruiser,2007
Weissnat-Roberts,Toyota,Sequoia,2009
Monahan LLC,Isuzu,Oasis,1996
"Steuber, Bartell and Mertz",GMC,Sonoma,1995
"Gibson, Gusikowski and Koch",Dodge,Grand Caravan,2009
Moen Inc,GMC,2500 Club Coupe,1993
Yost-Bednar,Lamborghini,Murciélago,2004
Bogisich-Kirlin,Bentley,Continental Flying Spur,2007
"Veum, Murphy and Wyman",Audi,S8,2007
Mante-Kshlerin,Ford,E150,2007
Wolff-Keebler,Daihatsu,Charade,1992
Rippin-Carter,Lexus,LS,1989
"Langworth, Deckow and Reilly",BMW,Z4,2010
Swift-Hand,Ford,Ranger,2007
Schmidt and Sons,Isuzu,Hombre,2000
"Weber, Sipes and Stoltenberg",Mitsubishi,Precis,1986
Fisher LLC,Dodge,Ram Van 3500,1998
Goodwin Inc,Mitsubishi,Pajero,1990
"Morissette, Von and Lakin",Isuzu,Trooper,1994
"Von, Wintheiser and Herzog",BMW,7 Series,2005
"Fisher, Cartwright and Zboncak",Audi,Allroad,2001
"Pagac, O'Keefe and Gaylord",Volvo,V90,1998
Johns-Roberts,Dodge,Caravan,2001
Herman Inc,Saab,9000,1998
Prohaska LLC,Infiniti,I,2003
Mayert-Murazik,GMC,Savana,2007
"Strosin, Jacobson and Weissnat",Volkswagen,GTI,2008
Schowalter-Bauch,Mitsubishi,Pajero,1995
Little-Hilll,Mazda,Mazdaspeed 3,2008
"Bednar, Koss and Reichel",Lexus,GX,2008
Tromp and Sons,Infiniti,G25,2011
Nader-Haley,Mercury,Grand Marquis,1986
Dooley-Fadel,Mitsubishi,Lancer Evolution,2002
Stiedemann-Rowe,Ford,Fusion,2013
Beier-Romaguera,Ford,Escape,2011
Waters-Stracke,Ford,Mustang,1990
Walker Inc,Land Rover,Range Rover,1993
"Maggio, Muller and Boyle",Chevrolet,Avalanche,2011
Breitenberg-Franecki,Dodge,Shadow,1993
Treutel-Gutkowski,BMW,8 Series,1995
"Boehm, McKenzie and Connelly",Audi,Cabriolet,1998
Lesch-Fisher,Jaguar,XJ,2009
"Kuhn, Carroll and Erdman",Pontiac,Bonneville,1984
Hodkiewicz-Bernier,Nissan,Maxima,2005
Mante and Sons,Saturn,Relay,2005
Mohr and Sons,Ford,F350,2007
"Rodriguez, Boehm and Beatty",Chevrolet,Suburban 1500,2009
Ruecker-Herman,Audi,4000s Quattro,1986
"Gerhold, Waelchi and Ward",Hyundai,Accent,2000
Williamson-Conn,Volvo,S60,2004
Roob-Baumbach,Lincoln,Town Car,1999
Bednar-Hudson,Hyundai,Tiburon,1999
Towne Inc,Ferrari,F430 Spider,2006
Schuster-Emard,Toyota,Yaris,2007
Kilback-Batz,Plymouth,Voyager,1999
"McCullough, Upton and Weissnat",Chevrolet,Aveo,2009
Marquardt Inc,Isuzu,Hombre Space,1999
O'Hara Inc,Volkswagen,R32,2004
"Treutel, Heidenreich and Kiehn",Chevrolet,Silverado 2500,2000
"Lesch, Kuvalis and Conroy",GMC,Sierra 3500,2012
Marvin Inc,Chevrolet,Camaro,1977
Becker-Lebsack,Ford,Probe,1991
Torphy-Kuphal,Acura,RL,2003
Boehm-Jaskolski,BMW,Z4 M,2008
Jacobs-Ernser,Hyundai,Excel,1994
"Prosacco, Abbott and Batz",Chevrolet,G-Series G20,1993
O'Conner Group,Volvo,V40,2004
Hudson-Ritchie,Mazda,RX-7,1995
"Beatty, Nader and Gaylord",Chevrolet,Silverado 3500,2002
Renner Inc,Volkswagen,Fox,1987
"Daugherty, Reinger and Davis",Land Rover,Range Rover,2007
Stokes-Halvorson,Chrysler,Town & Country,2004
Ward-Brekke,Aston Martin,DBS,2008
Bednar and Sons,Dodge,Ram 3500,1994
"Russel, Kerluke and Stiedemann",GMC,Suburban 2500,1992
"Brakus, Muller and Gleichner",Chrysler,Town & Country,2002
Fay Group,Cadillac,STS,2005
"Swaniawski, Huel and Welch",Lexus,LS,2007
"Koss, Lehner and White",Chevrolet,Camaro,1982
"Upton, Champlin and Runolfsdottir",Plymouth,Grand Voyager,1997
"Gaylord, Nicolas and Ondricka",Toyota,Land Cruiser,2008
"Marvin, Baumbach and Jenkins",Kia,Spectra,2003
Cole Group,Ford,Explorer Sport Trac,2002
Nitzsche Inc,Nissan,JUKE,2011
Shields and Sons,Oldsmobile,88,1997
"Bednar, Thiel and Olson",Mazda,Mazdaspeed 3,2010
Ullrich Group,Honda,Accord Crosstour,2011
Carter LLC,Honda,Civic,2000
"Morar, Reynolds and Gleichner",Plymouth,Breeze,1997
Ondricka-Mraz,Honda,Prelude,1984
Bartell Inc,Chevrolet,Colorado,2005
"Mohr, Watsica and Hackett",Chevrolet,Express 1500,2009
Kirlin LLC,Toyota,Tacoma Xtra,1997
"Ziemann, Bechtelar and Hilpert",Mazda,B-Series Plus,2004
Mertz-Aufderhar,Buick,Regal,1999
Jones-Koch,Pontiac,Sunbird,1994
"Walsh, West and Hartmann",Honda,Element,2005
"Thompson, Harber and Wiza",GMC,Rally Wagon G2500,1995
Predovic Group,GMC,Sierra 1500,2007
"Conroy, Yost and Moore",Lotus,Elise,2004
"Will, Considine and Strosin",Spyker,C8 Spyder Wide Body,2004
"Upton, Ward and Reichert",Pontiac,Sunfire,2002
"Mosciski, Hegmann and Stracke",Chevrolet,Corvette,1999
Hessel-Price,Ford,Flex,2012
Brekke and Sons,Jaguar,XJ Series,2003
Spencer-Welch,Nissan,Murano,2007
"Prosacco, Mraz and Wintheiser",Oldsmobile,Bravada,2004
Nikolaus-Kerluke,Suzuki,Forenza,2005
"Hamill, Mann and Rippin",Mazda,Mazda3,2011
Mayert-Johns,Chevrolet,Silverado 1500,2011
"Schimmel, Macejkovic and Lemke",Isuzu,Trooper,1992
Bashirian LLC,Mazda,Mazda3,2008
"Abbott, Weissnat and Hagenes",Kia,Optima,2011
Price Inc,Volkswagen,Jetta III,1994
Davis-Jast,Buick,Roadmaster,1995
Crooks-Barton,Chevrolet,Tahoe,2003
Pagac-Walter,Chrysler,Sebring,1998
Hahn-Conroy,Chevrolet,G-Series 2500,1998
Gibson-Batz,GMC,Savana 2500,2005
Lubowitz and Sons,Ford,Escort,1999
Deckow-Crooks,Chevrolet,Aveo,2006
Hilpert and Sons,Mitsubishi,3000GT,1999
Wilderman and Sons,Buick,Century,2005
Muller Group,Chevrolet,Corvette,1992
"Rice, MacGyver and Turcotte",Chevrolet,Impala,2002
Aufderhar Inc,Toyota,Celica,1996
Block Group,Jeep,Liberty,2007
Schultz LLC,GMC,3500 Club Coupe,1997
Lowe and Sons,Ford,Courier,1987
Buckridge-Beer,Volkswagen,Golf,1990
Murray Group,Oldsmobile,Regency,1998
"Rau, Von and Gutkowski",Mazda,Miata MX-5,2008
Jenkins Group,Chevrolet,G-Series G30,1995
"Ziemann, Bergnaum and Okuneva",Ford,Courier,1986
Roob-Smitham,Lexus,GS,1994
Swaniawski-Wyman,Honda,Odyssey,2001
Marquardt-Spinka,Dodge,D350,1992
Flatley Inc,Chevrolet,Express 1500,2008
Nienow-Nader,Pontiac,Gemini,1987
Terry-Ferry,Ford,Festiva,1993
Ziemann Inc,Pontiac,Montana,2000
Hartmann-Greenfelder,Audi,100,1989
Durgan Group,Ford,LTD Crown Victoria,1988
Kunde-Glover,Cadillac,Allante,1992
Sipes-Larkin,Buick,Riviera,1986
Sporer and Sons,Chevrolet,Camaro,1981
Carter-Bailey,Subaru,Outback,2012
"Stokes, Grady and Cummings",Nissan,350Z,2008
Schmitt-Maggio,Mercedes-Benz,E-Class,2007
Schowalter-Conn,Ford,F350,1993
"Stark, Weissnat and Hagenes",GMC,1500,1994
Bauch LLC,Volvo,C70,2012
Toy and Sons,Lincoln,Mark VIII,1998
"Fay, Swift and Gutkowski",Volkswagen,Beetle,1967
Ebert Group,GMC,Savana 3500,2003
O'Kon LLC,Lexus,RX,2008
"Sanford, Berge and Stark",Mitsubishi,Eclipse,2011
"Huels, Weimann and Barton",Lincoln,MKS,2013
Brakus LLC,Mercedes-Benz,S-Class,2008
Heidenreich-Hackett,Acura,Integra,1996
Keebler-Hodkiewicz,Mitsubishi,Mighty Max Macro,1993
"Waelchi, Grimes and Larkin",Subaru,BRZ,2013
"Vandervort, Daniel and Boehm",Lexus,LX,2007
O'Reilly Group,Acura,TL,1998
Pacocha LLC,Buick,Park Avenue,1991
"Schulist, Harris and Rutherford",MINI,Clubman,2011
Lind-Torp,Plymouth,Grand Voyager,1996
"Kuvalis, Heathcote and Upton",Cadillac,Fleetwood,1992
Stark-Gleason,Mercury,Grand Marquis,1989
Kohler-Barrows,Maserati,Quattroporte,1985
Reilly-Lindgren,Jeep,Wrangler,2011
Marquardt-Marvin,Nissan,Pathfinder,1998
Glover and Sons,Toyota,Tundra,2001
Wisozk-Toy,Volkswagen,Phaeton,2006
Morar-Willms,Ford,Escape,2001
"Nienow, Champlin and Mayert",Lincoln,LS,2000
"Daugherty, Miller and Klocko",Mazda,Mazda3,2006
Batz Inc,Oldsmobile,Silhouette,1997
"Orn, Vandervort and Walker",Chrysler,Town & Country,2000
Lebsack-Goldner,Mitsubishi,Pajero,1990
Gerlach Group,Mercedes-Benz,Sprinter 2500,2012
Corwin-Fay,Dodge,Dynasty,1993
Lang-O'Connell,Nissan,Cube,2011
"Bogisich, Von and Quitzon",Austin,Mini,1959
O'Keefe Group,Mazda,Mazda6,2003
Price and Sons,Ford,Thunderbird,1997
"Connelly, Blanda and O'Keefe",Toyota,Tacoma,2001
O'Hara and Sons,Jeep,Commander,2008
"Little, Hilll and Lueilwitz",Subaru,Brat,1986
Lakin Group,Ford,F-Series,1993
Gaylord-West,Land Rover,Range Rover,2011
"Lynch, Tillman and Schmitt",Buick,Regal,2000
Bradtke-Cummings,Pontiac,Sunbird,1985
O'Connell and Sons,Hyundai,Accent,2009
Trantow-Conn,Aston Martin,DB9,2012
Hirthe-Marvin,Suzuki,Forenza,2004
"Lesch, Schowalter and Hamill",Jeep,Grand Cherokee,1997
Reichert Inc,Oldsmobile,Silhouette,1999
Kohler-Parisian,Chevrolet,Camaro,1999
Wiegand-Davis,Mercury,Tracer,1994
Orn Group,Mazda,Mazda3,2010
Cole-Hickle,Dodge,Stratus,2006
Mraz-Friesen,Ford,Mustang,2003
Schmidt Inc,Mercedes-Benz,500E,1993
McKenzie LLC,Volkswagen,Touareg,2008
"Bogan, Bode and Schuster",Mitsubishi,Montero Sport,2000
"Shanahan, Hudson and Crist",Plymouth,Horizon,1978
Konopelski-Leannon,Oldsmobile,Alero,2003
Lueilwitz and Sons,Ford,Taurus,1990
Wuckert and Sons,Nissan,Altima,1995
Labadie-Miller,Nissan,Pathfinder,2011
"Windler, Becker and Jaskolski",Mazda,Millenia,1998
Gulgowski LLC,Dodge,Daytona,1993
Hirthe-Bernhard,Jeep,Wrangler,1999
Jacobson-Paucek,Cadillac,STS-V,2006
"Goldner, Schinner and Johnston",Ford,F250,2008
Smitham LLC,Dodge,Charger,2010
Hills Inc,GMC,Suburban 1500,1998
Roob-Cummings,Dodge,Ram 1500,2003
Sporer LLC,Chrysler,300,2012
Turner Group,Chevrolet,Impala,2006
Brekke Inc,Nissan,350Z,2005
"Larson, Goldner and Williamson",Buick,Regal,2003
Larkin-Kessler,Ford,E350,2009
"Rogahn, Luettgen and Adams",Jeep,Grand Cherokee,1995
"Paucek, Windler and Jast",Chrysler,Cirrus,1998
Hackett-Medhurst,Hyundai,Tucson,2010
Cartwright-Hoeger,Mercury,Topaz,1993
"Daniel, Ratke and Farrell",GMC,Yukon XL 1500,2009
Littel Inc,Mazda,626,1999
"Yost, Johnson and Ziemann",Mercedes-Benz,SLR McLaren,2008
Schowalter and Sons,Buick,LeSabre,1998
"MacGyver, Lockman and Johnston",Ram,2500,2011
"Veum, Schmitt and Wiegand",Buick,Century,1991
"Feest, Price and Adams",BMW,525,2005
Schuster Group,Nissan,Pathfinder,1996
"Greenholt, VonRueden and Cole",Suzuki,XL7,2006
Rempel LLC,Volkswagen,Eurovan,1992
Kuvalis-Stracke,Mazda,Miata MX-5,2006
"Abshire, Abbott and Schumm",Ford,Explorer,2003
"Yundt, Schmidt and Schimmel",Chevrolet,Caprice,1995
White and Sons,BMW,M5,2000
"Mohr, Veum and Cruickshank",Infiniti,QX,2005
Friesen Inc,Hyundai,Elantra,1994
Ruecker-Cremin,Chrysler,Sebring,2004
Quigley-Mitchell,Lincoln,Mark LT,2006
Schulist LLC,Mazda,626,1992
"Fadel, King and Klein",Chrysler,LHS,2001
Maggio Inc,Mercedes-Benz,G-Class,2003
Wisoky-Muller,Mercedes-Benz,GLK-Class,2010
"Lubowitz, Price and Smitham",Toyota,Supra,1993
Howe-Franecki,Chevrolet,2500,1999
"Fadel, Kilback and Hermann",Toyota,Highlander,2003
"Pfannerstill, Becker and Blanda",Suzuki,SJ,1987
"Greenfelder, Wisozk and Harris",Mercury,Grand Marquis,2009
Boyer Group,Nissan,Pathfinder,2007
Murray-Crooks,Porsche,911,2004
"Lang, Fisher and Corkery",Nissan,Maxima,2007
Stamm-Leffler,Hyundai,Santa Fe,2003
Rosenbaum and Sons,Buick,Skyhawk,1989
Sauer-Ratke,Porsche,Cayman,2008
"Schaden, Lind and Metz",Land Rover,Freelander,2003
Kessler-Satterfield,Chrysler,Concorde,1998
"Torphy, Murazik and Heathcote",Ford,F450,2008
"Veum, Gerhold and Tremblay",Ford,E-Series,2010
"Boehm, Bahringer and Beatty",Suzuki,SJ,1992
"Torphy, Windler and Hessel",Subaru,Forester,2009
Koss LLC,Chevrolet,Express 3500,2010
"King, Howell and Pfeffer",Chevrolet,Express,2008
"Parisian, Schmidt and Schaefer",Dodge,Caravan,1999
Schowalter and Sons,Plymouth,Prowler,1997
"Hilll, Wolf and Jacobi",Audi,A6,2000
Prohaska-Oberbrunner,Dodge,Dakota Club,1994
"Rice, Hyatt and Steuber",Pontiac,Sunbird,1990
"VonRueden, Bruen and Klocko",Ford,E-Series,2006
"Miller, Hills and Runolfsdottir",Jaguar,XJ Series,2003
Konopelski LLC,Smart,Fortwo,2012
Christiansen LLC,Jaguar,XK Series,2000
"Cremin, Hettinger and Cole",Volkswagen,Golf,1989
Wuckert-Farrell,Mazda,Mazdaspeed6,2007
Dare-Nolan,Mercedes-Benz,E-Class,2005
Hoppe-West,Volkswagen,Jetta,2009
Corkery-Bosco,Chrysler,PT Cruiser,2006
Fay-Huel,Subaru,Tribeca,2008
Larson-D'Amore,Audi,V8,1994
Hirthe-Schowalter,Chevrolet,Sportvan G30,1995
Hammes LLC,Porsche,Boxster,2003
Kovacek-Witting,Dodge,Ram 1500,1997
"Anderson, Mosciski and Daniel",Subaru,Tribeca,2009
Stamm-Dietrich,Acura,ZDX,2012
Powlowski-Gibson,Ford,F350,2005
"Bernhard, Schamberger and Mitchell",Volkswagen,Eos,2009
"Glover, Moore and Schiller",Nissan,Sentra,2002
Kunde-Waelchi,Hyundai,Sonata,2010
"Nader, Barton and Steuber",Ford,Explorer,2006
"Kassulke, Lehner and Harris",Infiniti,G37,2011
"Jast, Dickens and Lubowitz",Porsche,911,2004
"Sipes, Wilderman and Wiegand",GMC,Safari,2001
Wintheiser-Bauch,Suzuki,Esteem,2002
Cummerata-Hudson,Chevrolet,Corvette,2012
Bauch LLC,Oldsmobile,88,1992
Rosenbaum LLC,Ford,Tempo,1990
Yundt LLC,Dodge,D150,1992
Marks and Sons,Toyota,TundraMax,2008
Johnston and Sons,Mitsubishi,GTO,1996
"Roberts, Terry and Powlowski",Toyota,4Runner,1998
Abshire-Gusikowski,Ford,Transit Connect,2010
Yundt-Berge,Mitsubishi,Outlander,2012
VonRueden-Rice,Dodge,Dynasty,1992
"Rogahn, Dare and Waters",Aston Martin,DBS,2008
Emard-Green,Mercedes-Benz,CLK-Class,2003
Waters-Ortiz,Chevrolet,Tahoe,1996
Runte-Hills,Mazda,626,2000
"Monahan, Greenfelder and Kovacek",Suzuki,Swift,1997
Armstrong-Considine,Cadillac,XLR-V,2007
Thiel LLC,Mercedes-Benz,CL-Class,2000
Daugherty Inc,Volkswagen,Phaeton,2005
"Huel, Bednar and Kirlin",Audi,Q5,2011
Maggio and Sons,Mercedes-Benz,SLK-Class,2007
Baumbach-Windler,GMC,Vandura 1500,1993
"Hauck, Streich and Nader",Dodge,Neon,1995
"Maggio, Parisian and Wiegand",Dodge,Grand Caravan,2008
Beatty Inc,Pontiac,Firefly,1995
Denesik-Grimes,Acura,Legend,1988
Robel Inc,Mitsubishi,Mirage,1996
Steuber-Lubowitz,Ford,Expedition EL,2012
Nienow and Sons,Volvo,XC70,2008
Leannon-Beier,Chevrolet,Silverado 2500,1999
Sawayn-Kuvalis,Jeep,Liberty,2010
Kozey-Bergstrom,Dodge,Neon,1996
"Witting, Fisher and Lockman",Lincoln,Continental,1997
Walker-Lindgren,Ford,GT500,2007
Witting Inc,Mitsubishi,Endeavor,2011
"Mosciski, Schowalter and Mertz",Mitsubishi,Eclipse,2007
"Goldner, Grady and Schaefer",Audi,R8,2012
Dach and Sons,Toyota,Paseo,1992
"Turner, Senger and Bahringer",Lamborghini,Gallardo,2008
Hermiston-Torp,Land Rover,Range Rover,2000
Larson-Gislason,GMC,Yukon XL 1500,2000
"Hoeger, Waelchi and Schuster",Audi,A6,2004
Pacocha-King,Volkswagen,Passat,1992
"Strosin, Casper and Dickinson",Chrysler,300M,2001
Waelchi-Bauch,Porsche,928,1995
Funk-Bins,Cadillac,Escalade EXT,2008
Renner LLC,Volvo,S90,1998
Cartwright-Gulgowski,Chevrolet,SSR,2004
Hyatt-Corkery,Ford,LTD Crown Victoria,1985
"Hudson, Monahan and Collier",Mitsubishi,Pajero,2006
Lockman and Sons,Mazda,Protege,1999
Grady LLC,Ford,Escort,1985
"Orn, Wintheiser and Gutkowski",Mercedes-Benz,C-Class,2009
Legros Group,Mazda,Tribute,2010
Schmitt-Schaden,Hyundai,Santa Fe,2010
Bartell Group,Ford,F-Series Super Duty,2012
Hoeger-Champlin,Lexus,IS,2002
Purdy-Will,Mitsubishi,Galant,2005
"Fadel, Cole and Yost",Mercedes-Benz,E-Class,1990
Boyer-Hackett,Ford,Econoline E150,2002
"Herman, Shanahan and Gerlach",Ford,F450,2008
Hyatt-Kirlin,Audi,A6,2006
Ruecker-Quitzon,Saturn,Relay,2006
Lang-Cole,Nissan,240SX,1993
Mertz LLC,Audi,A4,2003
Hermiston Group,GMC,3500,1993
Bechtelar-Koch,Porsche,Cayman,2009
Crist Inc,Pontiac,Bonneville,1997
"Spinka, Schmitt and Kshlerin",Kia,Sephia,2000
Heller and Sons,Kia,Rio,2013
Ziemann-Gulgowski,Toyota,Matrix,2010
Lebsack and Sons,Cadillac,DeVille,1998
Swaniawski-Kunze,Bentley,Continental GT,2008
Bashirian Inc,Nissan,Altima,2008
Denesik Inc,Porsche,911,1999
"Thiel, Bauch and Bergstrom",Chevrolet,Prizm,2001
Metz LLC,Ford,Taurus,1997
Haag-O'Connell,Chevrolet,Blazer,1996
"Hessel, Hagenes and Haley",Cadillac,STS,2005
Beer LLC,Cadillac,CTS,2007
Crooks and Sons,Mercury,Capri,1986
Jacobson-Reilly,Pontiac,Grand Prix,1969
"Frami, Bednar and Waelchi",Subaru,Alcyone SVX,1992
"Hilpert, Daniel and McKenzie",Lexus,LX,2009
Corwin-Rodriguez,Cadillac,XLR,2009
"Gulgowski, Mayer and Mayert",Ford,Edge,2012
Koelpin-Thompson,Nissan,Pathfinder,2005
Nikolaus-Dach,Chevrolet,Camaro,1998
Metz and Sons,Plymouth,Neon,1996
Padberg-Schmidt,Chevrolet,S10,1992
Smitham-Witting,Land Rover,Range Rover,2003
"Gleason, Stoltenberg and Schinner",Chevrolet,Silverado 1500,2008
Brekke-Halvorson,Dodge,Ram 1500,2006
Kris LLC,Jaguar,XJ,2007
Mante Inc,Porsche,Cayenne,2012
"Johnson, Strosin and Stiedemann",Plymouth,Laser,1993
Kuvalis-Tromp,Mazda,626,1998
"Gleason, Stiedemann and Wiza",Buick,Roadmaster,1993
Lind-Schuster,Mitsubishi,Mirage,2000
Brown Group,Mitsubishi,Challenger,2000
"Kuhn, Crooks and Kerluke",Audi,TT,2010
Pfannerstill LLC,Aston Martin,V8 Vantage,2010
Dibbert LLC,Chrysler,Sebring,2006
Dickinson-Rice,Aston Martin,Vantage,2011
Heaney Group,Dodge,Neon,1997
"Wisozk, Bradtke and Hammes",Chrysler,LeBaron,1994
Erdman-Gusikowski,Ford,Econoline E150,1999
Trantow Group,GMC,Yukon XL 2500,2011
"Rippin, Runte and Hoppe",Cadillac,XLR-V,2009
Kerluke-Wolf,Mitsubishi,Diamante,1998
"Hayes, Harvey and Mosciski",GMC,Sierra 2500,2011
Jaskolski-Gorczany,Volkswagen,Golf,1984
"Bogisich, Stiedemann and Bechtelar",Dodge,Ram Van 2500,1998
"Lubowitz, Feil and Smith",Land Rover,Discovery,1997
Nicolas-Wuckert,Toyota,Avalon,2003
Sipes-Kertzmann,Chevrolet,Blazer,1998
Funk Group,Porsche,Cayenne,2010
Herzog LLC,Hyundai,Tiburon,1998
"Rohan, Wisozk and Wuckert",Mitsubishi,Outlander,2011
Schimmel-McClure,Nissan,Maxima,2004
"Shields, Von and Ebert",Ford,F450,2008
"Kihn, Powlowski and Dicki",Volvo,S40,2009
Corkery-Flatley,Buick,Park Avenue,2000
Connelly-Morar,Ford,Contour,1999
McCullough LLC,Acura,Integra,1995
Cruickshank LLC,Oldsmobile,Silhouette,1995
Cremin-Bradtke,Chevrolet,Corvette,1958
Schuster LLC,Kia,Sedona,2009
"Wintheiser, Fritsch and Spencer",Land Rover,Freelander,2002
Beier Group,GMC,Sierra,2009
Corkery-McGlynn,GMC,Canyon,2004
Ledner and Sons,Subaru,Alcyone SVX,1997
"Dooley, Ortiz and Toy",Volkswagen,Beetle,1967
Batz and Sons,Ford,F150,1994
Hoppe and Sons,Nissan,Maxima,1993
"Sauer, Langworth and Baumbach",Buick,Terraza,2007
"Rath, Cremin and Deckow",Chrysler,Pacifica,2005
"Heller, Rodriguez and Harber",Mercedes-Benz,CLS-Class,2006
Goyette-Schuppe,Acura,RL,1997
Gaylord-Wisozk,Mercury,Cougar,1969
Nader Inc,Nissan,240SX,1995
"Schultz, Tillman and Brekke",Isuzu,Ascender,2007
"Spencer, Spencer and Denesik",Saturn,S-Series,2000
Adams-Mayer,Chrysler,Town & Country,1993
Rolfson-Wehner,Mercury,Grand Marquis,1994
Friesen-Hoeger,Lincoln,Aviator,2003
Sporer-Mann,Lamborghini,Diablo,2000
Keebler and Sons,Mercury,Cougar,1996
Hermiston-Bayer,Dodge,Dakota,2002
Metz LLC,Acura,RSX,2005
Schimmel-Thompson,BMW,M5,2003
"Torphy, Mohr and Gaylord",Chrysler,Imperial,1926
"Christiansen, Rau and Schiller",Toyota,Corolla,2010
"Schowalter, Bode and Hessel",Dodge,Ram Van B350,1993
"Predovic, Larkin and Kertzmann",Pontiac,Grand Prix,1979
"Runte, Botsford and Bashirian",Land Rover,Range Rover,2009
Raynor-Vandervort,Mitsubishi,Precis,1993
Walter-Goldner,GMC,Rally Wagon G2500,1995
Kassulke LLC,Buick,Skyhawk,1986
Mraz-Willms,Cadillac,Escalade EXT,2009
Hessel-Hintz,Pontiac,Bonneville,1997
Medhurst-Little,GMC,Suburban 1500,1995
Harris-Ruecker,Audi,Coupe Quattro,1990
Klocko and Sons,Ferrari,430 Scuderia,2008
White-Beahan,Audi,5000CS,1987
Hoeger-Rath,Buick,Coachbuilder,1994
"Conroy, Barrows and Hand",Land Rover,Range Rover Classic,1993
Nienow-Monahan,Nissan,Rogue,2011
Little-Balistreri,Dodge,Stratus,1997
"Hermiston, Pacocha and Beatty",Subaru,Alcyone SVX,1995
Roberts-Jones,Volkswagen,Touareg,2007
D'Amore Inc,Dodge,Ram 1500,1999
Huels LLC,Honda,CR-V,1999
"McGlynn, Wolf and Orn",Nissan,Murano,2007
Abshire-Thompson,Mazda,RX-8,2008
"Hahn, Senger and Stracke",Suzuki,Grand Vitara,2001
Becker Inc,Chevrolet,G-Series G30,1992
"Lynch, Schamberger and McLaughlin",Chrysler,PT Cruiser,2007
Stroman-Johnston,Chrysler,Aspen,2007
Carter Group,Studebaker,Avanti,1962
"Ullrich, Gaylord and Collier",Ford,Taurus,2013
Rau-Schneider,Mercedes-Benz,S-Class,2009
"Gutkowski, Ankunding and Adams",BMW,550,2006
Batz and Sons,Nissan,Xterra,2009
"Reichel, Schuppe and Hayes",Chevrolet,Camaro,1985
Nikolaus-Kunze,Chevrolet,Camaro,1971
Schamberger-Wintheiser,Acura,Vigor,1992
Hodkiewicz-Collins,BMW,325,2005
Johnston Inc,Toyota,Celica,2000
O'Conner-Runolfsdottir,BMW,7 Series,2003
Stehr-Johns,Plymouth,Sundance,1994
"Hermann, Hessel and Schuppe",Chrysler,Pacifica,2007
Effertz Group,Mercedes-Benz,300CE,1993
"Brekke, Greenfelder and Adams",Ford,Taurus,1992
Carroll-Leffler,Eagle,Talon,1997
"Smith, Ward and Anderson",GMC,2500 Club Coupe,1998
"Davis, Homenick and Bernier",Mercedes-Benz,SLK-Class,2004
Lesch-Towne,Lotus,Evora,2011
Bode Group,Ford,Thunderbird,1972
Aufderhar Group,Subaru,Legacy,2003
"Rowe, Towne and Pagac",Mazda,B-Series,2000
Hackett-Prohaska,GMC,1500,1998
Adams and Sons,Oldsmobile,88,1997
Murphy-Fahey,Ford,Five Hundred,2005
Roob and Sons,Isuzu,Trooper,2000
"Okuneva, Schiller and Hessel",Chevrolet,Uplander,2005
Gutkowski Group,Mercury,Marauder,2003
"Stiedemann, McKenzie and Gorczany",Dodge,Charger,1968
"Russel, Von and Prohaska",Chevrolet,Impala,2001
"Orn, Osinski and Mayert",Hyundai,Elantra,2000
"Swift, Gislason and Gutmann",Peugeot,207,2007
Bergstrom Inc,Acura,ZDX,2011
"Glover, Balistreri and Volkman",Nissan,Murano,2003
"Batz, Hermiston and Haley",Isuzu,Amigo,1993
Brekke LLC,BMW,7 Series,1995
"Boyle, Hammes and Emard",Mercedes-Benz,SL-Class,1993
Ullrich and Sons,Toyota,Highlander,2008
"Welch, Bruen and Schneider",Subaru,Forester,2011
Douglas Group,Fiat,Nuova 500,2012
"Kreiger, Becker and Lehner",Buick,Regal,1996
Bartell Inc,Mitsubishi,Truck,1995
Cole Inc,Mazda,B-Series Plus,1993
Fadel-Cole,Chevrolet,Suburban,2011
McKenzie Group,Lamborghini,Gallardo,2012
"Stoltenberg, Brekke and Kutch",Ford,Th!nk,2001
Littel-Zulauf,Buick,Regal,2000
Monahan Inc,Nissan,Quest,1995
Cremin Inc,Honda,Odyssey,2011
Collier LLC,Buick,LeSabre,2003
Greenfelder-Wiegand,Chevrolet,3500,1995
Hane-Hermiston,Honda,Passport,2002
"Rath, O'Keefe and Feest",Lotus,Esprit,2004
Gutmann-Parisian,Dodge,Ram 2500,2007
"Harber, Bins and Kemmer",Lincoln,Navigator,1999
"Gleason, Runolfsson and Kuvalis",BMW,M5,2000
Herman Inc,Chevrolet,Venture,2002
Grimes Inc,Honda,Prelude,1985
"Schroeder, Lueilwitz and Jacobson",Toyota,Land Cruiser,2002
Buckridge-Lesch,Chevrolet,Camaro,1998
"O'Connell, Roob and Glover",Eagle,Talon,1998
Koepp-Rath,Ford,F350,2006
Jones Inc,Hyundai,Sonata,1997
Rempel Group,Ford,Freestar,2007
Smith and Sons,Mercury,Mountaineer,2006
Weimann-Roob,Ford,Econoline E250,2001
Hauck LLC,Toyota,Prius,2011
Cummerata and Sons,Nissan,Maxima,2000
Ratke-Turcotte,Kia,Sorento,2011
Brown Group,GMC,Envoy,1999
"Feeney, Stroman and Veum",Dodge,Dakota,2002
"Mante, Carter and Skiles",Mercury,Grand Marquis,1999
Fay Group,Alfa Romeo,Spider,1992
Torp-Wyman,Lincoln,Town Car,1987
Feeney-Trantow,Lexus,LS,2001
Olson LLC,Volvo,850,1996
Mante Inc,Dodge,Viper,2010
Langworth-Harris,Saab,9000,1991
Berge-Rippin,Chevrolet,Venture,2003
Christiansen LLC,Mercedes-Benz,CLK-Class,2009
Johns LLC,Toyota,Land Cruiser,2001
"Gislason, Barrows and O'Keefe",BMW,3 Series,1992
Heaney LLC,Infiniti,QX,2001
Larkin Group,Chevrolet,Tahoe,2002
Stehr-Huel,Kia,Amanti,2005
Bernier-Smith,Geo,Tracker,1993
Mante and Sons,Pontiac,6000,1988
"Bahringer, Fahey and Kemmer",Chevrolet,Cruze,2013
Kiehn-Hoeger,Cadillac,Escalade EXT,2004
Heathcote-Bruen,Mercury,Tracer,1998
Satterfield Group,Ford,Bronco,1991
"Auer, Herman and Powlowski",Chevrolet,Silverado 3500,2008
Goyette-Schuster,Honda,Pilot,2006
"Heller, Schowalter and Thompson",Toyota,4Runner,2011
"Gerlach, Beatty and Purdy",GMC,3500,1993
"Mertz, Franecki and Murphy",Acura,Legend,1988
Champlin-O'Hara,Cadillac,Brougham,1992
Erdman LLC,Oldsmobile,Bravada,1994
"Bartoletti, Rempel and Bernhard",Dodge,Intrepid,2002
"Schultz, Kulas and Prosacco",BMW,750,2006
"Schumm, Kuphal and Reichel",Toyota,RAV4,1998
"Hartmann, Hilll and Walsh",Oldsmobile,Aurora,2002
Greenfelder-Koelpin,GMC,Yukon,2011
"Jenkins, Rempel and Turcotte",Mercedes-Benz,CLS-Class,2009
"Streich, Glover and Bosco",Mercedes-Benz,SLR McLaren,2005
"Anderson, Grant and Ortiz",Cadillac,SRX,2009
Williamson-Rolfson,Lexus,LX,1996
"Heaney, Terry and Streich",GMC,3500,1997
"Wolf, Corwin and Hegmann",Chevrolet,Tahoe,2005
"Satterfield, Pacocha and Schimmel",Toyota,Tacoma,2004
"Mosciski, Brown and Rutherford",GMC,Sierra,2011
Batz Group,Audi,A4,2001
Klocko Inc,Saab,900,1999
"Koss, Bruen and Skiles",Infiniti,G35,2007
Nolan and Sons,Pontiac,Sunbird,1988
O'Reilly Inc,Volkswagen,Type 2,1988
Fisher-Swaniawski,Citroën,SM,1972
Hyatt-Rutherford,Maserati,Quattroporte,2009
"Jacobson, Erdman and Emard",Toyota,Tacoma Xtra,1997
"Nolan, Denesik and Beer",Ford,Windstar,1997
Waelchi Group,Volkswagen,Jetta,2000
Fadel-Rodriguez,Chrysler,300,2009
Gleason and Sons,Chevrolet,Sportvan G30,1993
Kemmer-Conn,Volkswagen,Jetta,1998
Bechtelar Group,Land Rover,Range Rover,2004
Veum-Dickens,Chevrolet,S10,1992
"Mayert, Borer and Emard",Alfa Romeo,Spider,1993
"King, Kunde and Witting",Mitsubishi,Eclipse,1997
Schroeder-Nader,Nissan,Frontier,1999
Heller-Mills,Toyota,Celica,1982
Harber-Kovacek,Porsche,944,1983
Huel Group,Ford,Flex,2011
Zboncak LLC,Mazda,323,1994
Haley-Feil,Volkswagen,New Beetle,2012
"Bernier, Hammes and Raynor",Pontiac,Fiero,1987
Beatty LLC,Chevrolet,3500,1995
Skiles-O'Hara,Chevrolet,G-Series G20,1993
Kutch Inc,Mercury,Cougar,1994
"Mraz, Greenholt and Kuhn",Lexus,LX,2013
"Strosin, Bernier and Carroll",Porsche,928,1988
Rosenbaum-Wehner,Buick,LeSabre,2005
Kessler Group,Chevrolet,Suburban 2500,1999
Barrows LLC,Chevrolet,Corsica,1995
Schamberger Group,BMW,6 Series,2009
Russel-Hermann,Acura,RL,2004
Sporer Group,Chevrolet,S10 Blazer,1994
Langosh-Rodriguez,BMW,Z3,1996
Corkery and Sons,Hyundai,Sonata,1992
Langworth-Block,Mitsubishi,Chariot,1987
"Bechtelar, Corkery and Koch",GMC,2500,1998
"Davis, Breitenberg and Smitham",Dodge,Ram 1500,2004
"Gottlieb, Schaefer and Medhurst",Chevrolet,Malibu,2013
Crist-Hilpert,GMC,Acadia,2012
Becker-Upton,Mercedes-Benz,SLS-Class,2012
Schamberger Group,BMW,530,2006
Breitenberg and Sons,Jeep,Wrangler,1992
Bashirian Inc,Chevrolet,Traverse,2010
Heller Inc,Pontiac,Parisienne,1984
"Hand, Huel and Ankunding",Chrysler,Concorde,1998
Stokes-Larkin,Isuzu,Axiom,2002
"Kuphal, Abernathy and Bashirian",Chevrolet,Cavalier,1997
Batz LLC,Audi,Allroad,2001
"O'Connell, Stanton and Shields",Mercedes-Benz,M-Class,2009
Anderson-Windler,BMW,M3,1997
Larson-Lemke,Rolls-Royce,Ghost,2011
Ledner-Lowe,Dodge,Magnum,2008
"Greenfelder, Sawayn and Kerluke",Kia,Optima,2009
"Kub, Schuppe and Carroll",Aston Martin,DB9,2008
Weimann LLC,Chevrolet,Camaro,1996
"Champlin, Howell and O'Conner",Infiniti,JX,2013
"Medhurst, Stroman and Towne",Chrysler,Sebring,2006
Hills LLC,Nissan,Armada,2010
Ebert-Hintz,Dodge,Ram 3500,1998
Emmerich Group,Mitsubishi,Mirage,1985
"Romaguera, Wilderman and Hand",Mercedes-Benz,SLK-Class,2005
Bauch-Rohan,Saturn,Sky,2007
Mertz-Hackett,Bentley,Azure,2009
Kub Group,Volkswagen,Touareg,2006
Cassin-Weissnat,Ford,Econoline E250,1999
"Mante, Reilly and Dickinson",Toyota,Sienna,2004
Blick-O'Keefe,Ford,Taurus X,2008
Kunze-Conroy,Nissan,Murano,2004
Hammes LLC,Ford,Escort,1998
Rice Inc,Volvo,C70,2013
"Hane, Stamm and Walter",Mazda,CX-9,2007
Spencer LLC,Chevrolet,Corsica,1996
Kirlin Inc,Chevrolet,Suburban,2006
"Shields, Treutel and Roberts",Pontiac,1000,1986
"Legros, Smith and Torphy",Land Rover,Discovery,2001
"Littel, Nolan and Botsford",Scion,xA,2005
Bode-Daugherty,Isuzu,Trooper,2000
Hamill-Lehner,Chevrolet,1500,1992
Von-McCullough,Nissan,Pathfinder,2000
Pagac Inc,Pontiac,Firebird Formula,1999
Pouros-Lindgren,Saturn,Sky,2009
Gislason Group,Volkswagen,Jetta,2007
West-Carter,Cadillac,CTS,2003
Wyman-Ferry,Cadillac,DeVille,1992
Hessel LLC,Oldsmobile,Cutlass,1999
Cummerata-Kulas,Chevrolet,Cobalt,2009
Hand-Bayer,Audi,TT,2001
Grant-Bergstrom,Acura,TL,1998
Jacobs-Lowe,Lexus,GS,2000
Carroll-Satterfield,Chrysler,Pacifica,2007
Cole-McKenzie,Oldsmobile,98,1994
Willms Inc,Volkswagen,Type 2,1986
Bayer-Goodwin,Audi,S8,2008
Rippin-Swift,Nissan,Xterra,2004
Wisozk-Becker,Chrysler,Concorde,2001
"Miller, Wilderman and Klein",Ford,Econoline E150,1995
Barton and Sons,Audi,A4,2008
"Dibbert, Hauck and Turcotte",Mitsubishi,Precis,1986
Witting LLC,Hyundai,Elantra,2005
Thiel-Quigley,GMC,Sonoma,1993
"Friesen, O'Conner and Rice",Suzuki,Swift,2000
Rolfson Group,Aston Martin,V8 Vantage,2009
Effertz-Emard,Audi,Cabriolet,1994
"Purdy, Bashirian and Bechtelar",Infiniti,I,1996
Runolfsdottir-Oberbrunner,Dodge,Caravan,1994
Gerhold and Sons,BMW,X5,2007
Barrows Inc,Subaru,Impreza,2007
Murray Group,Lincoln,Continental Mark VII,1992
"Armstrong, Lemke and Nader",GMC,Suburban 2500,1994
"Ankunding, Wehner and Mueller",Subaru,Legacy,2003
Greenfelder-Mertz,Lincoln,Navigator,2011
"Kunde, Satterfield and Kulas",Mercedes-Benz,CLK-Class,2008
"Bradtke, Hand and Ferry",GMC,Jimmy,1997
Stracke-Gibson,Volvo,S60,2005
"Bernier, Walter and Lang",Chevrolet,Silverado 2500,2012
"Haag, Beer and Rutherford",Buick,LaCrosse,2009
Hamill-Schneider,Ford,Escort,1994
Reichel Group,Nissan,Pathfinder,2009
"Kohler, Skiles and Keeling",Kia,Optima,2011
Kreiger-Hodkiewicz,BMW,M3,2005
Doyle LLC,Lincoln,Blackwood,2002
Schulist and Sons,Chrysler,PT Cruiser,2007
Labadie-Casper,Bentley,Continental Flying Spur,2006
Schaefer and Sons,Honda,S2000,2009
Hyatt-Waelchi,Pontiac,Grand Prix,1973
Kris-Luettgen,Toyota,Camry,1993
"Rosenbaum, Lubowitz and Price",Honda,Accord,1997
"Rohan, Swaniawski and Zieme",Lamborghini,Countach,1987
Wilkinson-Veum,Audi,5000S,1986
Rosenbaum-Toy,Land Rover,LR4,2010
Grady-Harber,Hummer,H2 SUT,2006
Will-Baumbach,Nissan,Titan,2006
"Raynor, Bernier and Schimmel",Toyota,Land Cruiser,1997
"Parker, Treutel and Mayer",Cadillac,Fleetwood,1996
Hilll LLC,GMC,Vandura 1500,1992
"Armstrong, Weber and Daugherty",Audi,A8,2012
Cremin-Yost,Chevrolet,Cavalier,1992
Schaden-Altenwerth,Volkswagen,Jetta,1998
Hilll Group,Saturn,S-Series,1998
Greenfelder and Sons,Subaru,BRZ,2013
Mills LLC,Nissan,JUKE,2012
"Zboncak, O'Conner and Bergstrom",Ford,Excursion,2004
Adams-Pollich,Ford,E350,2010
Gulgowski LLC,Mercury,Tracer,1994
"Shanahan, Gerlach and Thompson",Mitsubishi,Tredia,1984
"Hoeger, Prosacco and Kovacek",Mitsubishi,Pajero,2004
Rempel Group,Hyundai,Elantra,1993
"Goyette, Weimann and Ruecker",Maserati,Quattroporte,2008
Botsford Group,Pontiac,GTO,1968
Larkin and Sons,Chevrolet,Astro,1992
"Beer, Kling and Frami",Suzuki,Grand Vitara,2011
Krajcik-Leffler,Subaru,Legacy,2002
Kohler-Champlin,Dodge,Durango,2004
Jacobi LLC,BMW,530,2006
Rippin-Hilpert,Audi,A8,2011
"Konopelski, Schmeler and Bernhard",Volkswagen,Jetta,1986
Gaylord Group,Volkswagen,Cabriolet,1999
Roob Group,BMW,X3,2008
Hackett Inc,Lotus,Evora,2010
Kulas and Sons,Chevrolet,Corvette,2005
"Reilly, Littel and Koch",BMW,8 Series,1994
Murazik LLC,Lamborghini,Diablo,1990
Ryan LLC,Porsche,928,1990
"Bartell, Langworth and Herzog",Toyota,Celica,2001
"Doyle, Zemlak and Kerluke",BMW,3 Series,2005
Pfeffer-Mante,Acura,TSX,2004
Will Inc,Pontiac,Monterey,2005
Lakin Group,Volvo,S90,1997
Reinger-Dach,Dodge,Grand Caravan,2009
"Wiegand, Torphy and Kuhn",BMW,X5,2000
Baumbach-Jaskolski,Mazda,Protege,2003
Gislason LLC,Hyundai,Tiburon,2000
Bartell Group,Subaru,XT,1991
Hirthe-Renner,Buick,LeSabre,1990
"Batz, Steuber and Gislason",Mazda,Millenia,2001
"Schamberger, O'Kon and Ondricka",Dodge,Ram 2500,2001
"West, White and Feil",Plymouth,Laser,1989
Lindgren and Sons,Ford,Explorer,2006
Moen-Sanford,Pontiac,G8,2008
"Parisian, Wehner and Grant",Dodge,Grand Caravan,1999
Conn-Batz,Eagle,Talon,1991
"Funk, Cremin and MacGyver",Cadillac,Seville,1996
"Keeling, Turcotte and Lemke",Chevrolet,Astro,1992
Goldner Inc,Volkswagen,New Beetle,2004
"Nikolaus, Kunze and Krajcik",GMC,1500 Club Coupe,1992
Wilkinson LLC,Ford,Thunderbird,1972
King-Grimes,GMC,Savana 1500,2011
"Kemmer, Wilkinson and Pacocha",Infiniti,QX,2010
Hartmann and Sons,Honda,CR-V,2001
Greenfelder-Schulist,Porsche,Boxster,2009
Cole and Sons,Mitsubishi,Excel,1988
"Denesik, Lakin and Padberg",Dodge,Ram Van B150,1993
"Stanton, Moore and Frami",Chevrolet,Venture,2003
"Miller, Veum and Jacobs",BMW,8 Series,1996
Brown-Hintz,Toyota,Tundra,2003
Harris-Cruickshank,Kia,Sedona,2012
"Bartell, Bogan and Conn",Volvo,V70,1998
Moen-Gerlach,GMC,Sonoma Club Coupe,1997
Schuppe and Sons,Volvo,XC60,2012
Hyatt-Bahringer,Volvo,C70,2009
Murazik-Bruen,Volvo,S40,2002
Schmidt LLC,Eagle,Vision,1997
Turner-Emard,Mercury,Montego,2005
Stehr-Reilly,Mercedes-Benz,Sprinter,2011
Zboncak and Sons,Nissan,Pathfinder,2007
Kub and Sons,Mitsubishi,Montero,1998
Walsh Group,Lamborghini,Countach,1987
Schuster Inc,Subaru,Justy,1988
"Upton, Spencer and Barton",Bentley,Continental GT,2009
"Wiegand, Crona and Predovic",Pontiac,Bonneville,1967
Upton Inc,Volkswagen,GTI,2011
Marvin Inc,GMC,Jimmy,2001
Rice Group,Ford,Tempo,1988
Bernhard-Bechtelar,Chevrolet,Camaro,1973
"Lueilwitz, Kreiger and Nader",BMW,3 Series,1995
Daugherty-Keeling,Suzuki,Grand Vitara,2005
Wyman-Krajcik,GMC,Sierra 3500,2005
Flatley Inc,Saturn,VUE,2008
Yundt-Mohr,BMW,525,2004
"Funk, Shanahan and Feest",GMC,Sierra 3500,2004
Armstrong-Waters,Saturn,S-Series,1995
Powlowski LLC,Chevrolet,Beretta,1992
Skiles-Paucek,Toyota,Camry,2010
Predovic-Corkery,Audi,A4,2011
Daniel-Berge,GMC,Sierra 2500,2008
Conn and Sons,Audi,S4,2010
Corwin LLC,Mitsubishi,Lancer,2008
"Buckridge, Krajcik and Moore",Toyota,Camry Solara,2008
Parker Group,Ford,Crown Victoria,2007
Price-Macejkovic,Chrysler,Town & Country,2001
Windler LLC,Aston Martin,Virage,2011
Monahan LLC,Holden,VS Commodore,1997
"McClure, Green and Schmeler",Plymouth,Sundance,1994
Murray-Casper,Toyota,Corolla,2003
Raynor-Schneider,Subaru,Legacy,2012
"Hamill, Kuvalis and Heathcote",Land Rover,Discovery,2000
"Stiedemann, Crooks and Spinka",Isuzu,Space,1992
Pollich and Sons,Ford,Courier,1987
Nader-Reinger,Pontiac,Gemini,1986
Reichel-Vandervort,Toyota,Yaris,2010
Welch-Fisher,Jeep,Compass,2009
"Walsh, Goyette and Tremblay",Porsche,911,1998
Hilpert Inc,Mitsubishi,Pajero,2005
Haley-Jakubowski,Ford,E-Series,2012
Mitchell-Hammes,Toyota,Land Cruiser,2004
"Jacobson, Hamill and Collier",Ford,Escort,1999
Bode-Legros,Nissan,Murano,2009
Bahringer Group,Nissan,GT-R,2011
"Hilll, Graham and Sanford",Dodge,Ram 1500,2010
"Heathcote, Treutel and Langworth",GMC,3500,1998
Kessler Group,Kia,Sedona,2005
"Homenick, Abshire and Marquardt",Lamborghini,Murciélago,2004
"Swift, Welch and Parker",Honda,Ridgeline,2012
Berge Group,BMW,1 Series,2012
Monahan-Wuckert,Nissan,Pathfinder,2003
Prohaska Group,Ford,Transit Connect,2013
"Becker, Daniel and Johns",Dodge,Challenger,2008
Cremin Group,Dodge,Grand Caravan,2003
"Aufderhar, Koch and Keebler",Toyota,Camry Solara,2007
Dach Inc,Lotus,Esprit,2001
"Anderson, Orn and Bruen",Lincoln,MKS,2009
Tillman-Waters,Mazda,B-Series,2001
Sanford Group,Nissan,Pathfinder,1997
Kessler and Sons,Mazda,MPV,2005
"DuBuque, Watsica and Price",Aston Martin,V8 Vantage S,2011
"Nitzsche, Runolfsson and Shields",Toyota,Avalon,1997
Langworth-Macejkovic,Mitsubishi,Truck,1990
"Adams, Kub and Herzog",Audi,RS4,2008
Corkery Inc,Volvo,XC90,2013
"Johnston, McClure and Schowalter",Saab,9000,1988
"Stracke, Sipes and Spencer",Toyota,Venza,2009
Hodkiewicz-Roob,Saturn,S-Series,2000
Doyle Inc,Mitsubishi,Montero,1993
Grimes Inc,Ford,Mustang,2001
Carroll-Mueller,Porsche,Boxster,2013
Mayer-Wehner,Mitsubishi,Montero,2000
Fahey-Crist,Hillman,Minx Magnificent,1950
Walsh Inc,Lincoln,Continental,1987
Mante-Haag,Mazda,Millenia,1996
Langosh LLC,Bentley,Continental,2006
Stracke Group,Mitsubishi,Pajero,1993
Tromp-Bartell,Ford,Explorer,2004
Braun-Schiller,Suzuki,XL7,2009
Padberg-Pacocha,Pontiac,6000,1989
Auer-O'Reilly,Pontiac,Grand Prix,1987
"Rosenbaum, Breitenberg and Hagenes",Pontiac,Grand Prix,1979
"Jerde, Herman and Romaguera",Dodge,Ram 1500 Club,2000
Weber-Pfeffer,Acura,TL,1998
Volkman and Sons,Mazda,Protege5,2003
"Donnelly, Stoltenberg and Bogisich",Bentley,Continental GTC,2009
"Predovic, Veum and Kutch",Honda,Fit,2012
"Gutkowski, Prosacco and Kuphal",Subaru,Outback,2011
Kuhic Inc,Acura,RL,2000
Collier-Fadel,Kia,Sorento,2009
Gottlieb-Davis,Nissan,Armada,2006
Cremin-Borer,Dodge,Nitro,2007
"Boehm, Bergnaum and Crist",Oldsmobile,Intrigue,2002
"Rolfson, Schuppe and Bayer",Mercury,Mariner,2010
Leffler-Haley,GMC,Sonoma Club Coupe,1997
"Leannon, Goyette and Orn",Audi,A6,1997
"Rutherford, Leffler and Ritchie",Ford,Escort,1999
Legros-Cole,Chevrolet,Corsica,1996
Bayer and Sons,Mitsubishi,3000GT,1996
"Kilback, Hilpert and Hessel",Oldsmobile,Silhouette,2001
Turcotte LLC,Dodge,Ram 1500,2007
Ondricka-Gulgowski,Ford,Thunderbird,1989
Shields Inc,Mercedes-Benz,S-Class,2005
"Block, Hane and Kautzer",Buick,Rendezvous,2005
Reichel-Moen,Hyundai,Veloster,2012
"Herzog, Mueller and Becker",Ford,Ranger,2004
"Abshire, McClure and Nader",Nissan,Armada,2008
Schowalter-Wilderman,GMC,Yukon XL 2500,2007
Mayert Group,Cadillac,SRX,2012
"Macejkovic, Johnston and Hane",Audi,Coupe GT,1985
"Balistreri, Smith and Lebsack",Lexus,LS,2005
"Bruen, Howell and King",Pontiac,Bonneville,1967
Gerhold-Greenholt,Infiniti,QX,1998
Fisher-Swaniawski,Mitsubishi,Pajero,1985
"Schaefer, Ondricka and Pollich",Chevrolet,Express 3500,2007
Hackett-Mann,Nissan,Altima,2007
Ernser-Carroll,GMC,Yukon,2005
Abshire-Bayer,Acura,SLX,1997
"Batz, Mann and Kulas",Volkswagen,Rabbit,2007
"O'Connell, Conn and Littel",Mazda,Familia,1989
"Nader, Zemlak and Bednar",GMC,3500,1999
Ankunding-Moore,Infiniti,G,2009
Bogan-Morissette,Chevrolet,Silverado 2500,2001
Braun-Maggio,Saturn,Outlook,2008
D'Amore and Sons,Lotus,Exige,2009
Watsica-Considine,MINI,Clubman,2009
"Barton, Barrows and Hintz",Scion,tC,2012
"Little, Fay and Miller",Porsche,Boxster,1997
Howell and Sons,Nissan,Maxima,1994
Bode-Smith,Volkswagen,riolet,1992
"Howe, Hilll and Marvin",Toyota,Camry,1996
Kautzer and Sons,Lincoln,Navigator,2007
McDermott Inc,BMW,M Roadster,2008
Bahringer-Ankunding,Toyota,Sequoia,2011
Kilback-Lindgren,Volvo,C70,2012
Rippin Inc,Toyota,Matrix,2009
McClure-Wolff,Chrysler,Prowler,2002
"Lynch, Purdy and Toy",Ford,Focus,2009
"Reichert, Aufderhar and Wolff",Chevrolet,Express 2500,2012
"Trantow, Keeling and Dooley",Pontiac,Firebird,1987
Stehr-Friesen,Ford,Ranger,2009
Windler-Metz,Chevrolet,Malibu,2001
"Miller, Grady and Bergnaum",Volkswagen,Touareg,2011
Hermiston-Wunsch,Ford,Thunderbird,1993
